"pid","pmid","oid","row.in.file.int","interval","t.start","t.end","t.start.orig","t.end.orig","dt","dt.calc","dt.diff","ct","mt","cta","bta","bg.dl","bg.val","bg.unit","MOL","ustar","rl","air.pres","air.pres.unit","j.NH3","j.rel","e.int","e.cum","e.rel","air.temp","soil.temp","soil.temp.surf","pH.surf","rad","wind","wind.2m","soil.temp.z.int","air.temp.z.int","wind.z.int","wind.loc.int","far.loc.int","rain","rain.rate","rain.cum","rh","notes.int","flag.int"
1935,1939,36482,5,1,2021-08-20 11:05:00,2021-08-20 18:13:00,"20/08/2021 11:05","20/08/2021 11:05",7.1,7.13,-0.0333,7.1,3.55,7.25,0.117,NA,0.989,"mg NH3 /m3",NA,NA,NA,NA,NA,2.14,0.0305,15.2,15.2,0.217,16.5,NA,NA,NA,NA,3.18,NA,NA,"2",NA,NA,NA,0,0,0,NA,NA,""
1935,1939,36483,6,2,2021-08-20 18:13:00,2021-08-21 07:32:00,"20/08/2021 18:13","20/08/2021 18:13",13.3,13.3,-0.0167,20.4,13.8,20.6,7.25,NA,0.341,"mg NH3 /m3",NA,NA,NA,NA,NA,0.162,0.00231,2.15,17.3,0.248,11.6,NA,NA,NA,NA,1.19,NA,NA,"2",NA,NA,NA,0,0,0,NA,NA,""
1935,1939,36484,7,3,2021-08-21 07:32:00,2021-08-21 18:41:00,"21/08/2021 07:32","21/08/2021 07:32",11.2,11.2,0.05,31.6,26,31.7,20.6,NA,-0.477,"mg NH3 /m3",NA,NA,NA,NA,NA,0.258,0.00368,2.89,20.2,0.289,15.9,NA,NA,NA,NA,1.72,NA,NA,"2",NA,NA,NA,0,0,0,NA,NA,""
1935,1939,36485,8,4,2021-08-21 18:41:00,2021-08-22 07:33:00,"21/08/2021 18:41","21/08/2021 18:41",12.9,12.9,0.0333,44.5,38,44.6,31.7,NA,2.57,"mg NH3 /m3",NA,NA,NA,NA,NA,0.0271,0.000387,0.349,20.6,0.294,10.6,NA,NA,NA,NA,0.367,NA,NA,"2",NA,NA,NA,0,0,0,NA,NA,""
1935,1939,36486,9,5,2021-08-22 07:33:00,2021-08-22 18:38:00,"22/08/2021 07:33","22/08/2021 07:33",11.1,11.1,0.0167,55.6,50,55.7,44.6,NA,2.64,"mg NH3 /m3",NA,NA,NA,NA,NA,0.184,0.00263,2.04,22.6,0.323,18.1,NA,NA,NA,NA,2.28,NA,NA,"2",NA,NA,NA,0,0,0,NA,NA,""
1935,1939,36487,10,6,2021-08-22 18:38:00,2021-08-23 07:40:00,"22/08/2021 18:38","22/08/2021 18:38",13,13,-0.0333,68.6,62.1,68.7,55.7,NA,0.684,"mg NH3 /m3",NA,NA,NA,NA,NA,0.01,0.000144,0.131,22.7,0.325,10.7,NA,NA,NA,NA,0.463,NA,NA,"2",NA,NA,NA,0,0,0,NA,NA,""
1935,1939,36488,11,7,2021-08-23 07:40:00,2021-08-23 19:18:00,"23/08/2021 07:40","23/08/2021 07:40",11.6,11.6,-0.0333,80.2,74.4,80.3,68.7,NA,2.35,"mg NH3 /m3",NA,NA,NA,NA,NA,0.0605,0.000864,0.701,23.4,0.335,18.9,NA,NA,NA,NA,1.33,NA,NA,"2",NA,NA,NA,0,0,0,NA,NA,""
1935,1939,36489,12,8,2021-08-23 19:18:00,2021-08-24 07:24:00,"23/08/2021 19:18","23/08/2021 19:18",12.1,12.1,0,92.3,86.2,92.4,80.3,NA,-0.235,"mg NH3 /m3",NA,NA,NA,NA,NA,0.00202,2.89e-05,0.0245,23.5,0.335,12.4,NA,NA,NA,NA,0.56,NA,NA,"2",NA,NA,NA,0,0,0,NA,NA,""
1935,1939,36490,13,9,2021-08-24 07:24:00,2021-08-24 18:58:00,"24/08/2021 07:24","24/08/2021 07:24",11.6,11.6,0.0333,104,98.1,104,92.4,NA,2.09,"mg NH3 /m3",NA,NA,NA,NA,NA,0.0426,0.000609,0.494,24,0.342,17.8,NA,NA,NA,NA,1.91,NA,NA,"2",NA,NA,NA,0,0,0,NA,NA,""
1935,1939,36491,14,10,2021-08-24 18:58:00,2021-08-25 07:28:00,"24/08/2021 18:58","24/08/2021 18:58",12.5,12.5,0,116,110,116,104,NA,0.196,"mg NH3 /m3",NA,NA,NA,NA,NA,0.00859,0.000123,0.107,24.1,0.344,14.4,NA,NA,NA,NA,3.18,NA,NA,"2",NA,NA,NA,0,0,0,NA,NA,""
1935,1939,36492,15,11,2021-08-25 07:28:00,2021-08-25 19:02:00,"25/08/2021 07:28","25/08/2021 07:28",11.6,11.6,0.0333,128,122,128,116,NA,-0.198,"mg NH3 /m3",NA,NA,NA,NA,NA,0.0161,0.00023,0.187,24.3,0.347,17.8,NA,NA,NA,NA,4.06,NA,NA,"2",NA,NA,NA,0,0,0,NA,NA,""
1935,1939,36493,16,12,2021-08-25 19:02:00,2021-08-26 10:32:00,"25/08/2021 19:02","25/08/2021 19:02",15.5,15.5,0,144,136,144,128,NA,1.37,"mg NH3 /m3",NA,NA,NA,NA,NA,-0.00169,-2.42e-05,-0.0262,24.2,0.346,13.7,NA,NA,NA,NA,2.37,NA,NA,"2",NA,NA,NA,0,0,0,NA,NA,""
1935,1939,36494,17,13,2021-08-26 10:32:00,2021-08-26 18:53:00,"26/08/2021 10:32","26/08/2021 10:32",8.4,8.35,0.05,152,148,152,144,NA,3.51,"mg NH3 /m3",NA,NA,NA,NA,NA,0.011,0.000157,0.0924,24.3,0.347,15.2,NA,NA,NA,NA,4.2,NA,NA,"2",NA,NA,NA,0,0,0,NA,NA,""
1935,1939,36495,18,14,2021-08-26 18:53:00,2021-08-27 07:34:00,"26/08/2021 18:53","26/08/2021 18:53",12.7,12.7,0.0167,165,158,165,152,NA,0.778,"mg NH3 /m3",NA,NA,NA,NA,NA,0.0372,0.000532,0.473,24.8,0.354,14.2,NA,NA,NA,NA,3.64,NA,NA,"2",NA,NA,NA,0,0,0,NA,NA,""
1935,1939,36496,19,15,2021-08-27 07:34:00,2021-08-27 17:41:00,"27/08/2021 07:34","27/08/2021 07:34",10.1,10.1,-0.0167,175,170,175,165,NA,-0.0341,"mg NH3 /m3",NA,NA,NA,NA,NA,0.0118,0.000169,0.12,24.9,0.356,15.3,NA,NA,NA,NA,4.45,NA,NA,"2",NA,NA,NA,0,0,0,NA,NA,""
1935,1939,36497,20,16,2021-08-27 17:41:00,2021-08-28 14:02:00,"27/08/2021 17:41","27/08/2021 17:41",20.3,20.4,-0.05,195,185,195,175,NA,0.179,"mg NH3 /m3",NA,NA,NA,NA,NA,0.00278,3.97e-05,0.0564,25,0.357,14.5,NA,NA,NA,NA,3.24,NA,NA,"2",NA,NA,NA,0,0,0,NA,NA,""
1935,1939,36498,21,17,2021-08-28 14:02:00,2021-08-29 08:15:00,"28/08/2021 14:02","28/08/2021 14:02",18.2,18.2,-0.0167,213,204,213,195,NA,0.0354,"mg NH3 /m3",NA,NA,NA,NA,NA,0.00203,2.9e-05,0.0369,25,0.357,15,NA,NA,NA,NA,2.36,NA,NA,"2",NA,NA,NA,0,0,0,NA,NA,""
1935,1939,36499,22,18,2021-08-29 08:15:00,2021-08-30 09:10:00,"29/08/2021 08:15","29/08/2021 08:15",24.9,24.9,-0.0167,238,226,238,213,NA,0.374,"mg NH3 /m3",NA,NA,NA,NA,NA,0.000792,1.13e-05,0.0197,25,0.358,15.6,NA,NA,NA,NA,1.97,NA,NA,"2",NA,NA,NA,0,0,0,NA,NA,""
1936,1940,36500,24,1,2021-08-20 11:07:00,2021-08-20 18:14:00,"20/08/2021 11:07","20/08/2021 11:07",7.1,7.12,-0.0167,7.1,3.55,7.27,0.15,NA,0.989,"mg NH3 /m3",NA,NA,NA,NA,NA,2.49,0.0356,17.7,17.7,0.253,16.5,NA,NA,NA,NA,3.18,NA,NA,"2",NA,NA,NA,0,0,0,NA,NA,""
1936,1940,36501,25,2,2021-08-20 18:14:00,2021-08-21 07:31:00,"20/08/2021 18:14","20/08/2021 18:14",13.3,13.3,0.0167,20.4,13.8,20.6,7.27,NA,0.341,"mg NH3 /m3",NA,NA,NA,NA,NA,0.158,0.00225,2.1,19.8,0.283,11.6,NA,NA,NA,NA,1.19,NA,NA,"2",NA,NA,NA,0,0,0,NA,NA,""
1936,1940,36502,26,3,2021-08-21 07:31:00,2021-08-21 18:39:00,"21/08/2021 07:31","21/08/2021 07:31",11.1,11.1,-0.0333,31.5,26,31.7,20.6,NA,-0.477,"mg NH3 /m3",NA,NA,NA,NA,NA,0.222,0.00317,2.46,22.3,0.318,15.9,NA,NA,NA,NA,1.72,NA,NA,"2",NA,NA,NA,0,0,0,NA,NA,""
1936,1940,36503,27,4,2021-08-21 18:39:00,2021-08-22 07:33:00,"21/08/2021 18:39","21/08/2021 18:39",12.9,12.9,0,44.4,38,44.6,31.7,NA,2.57,"mg NH3 /m3",NA,NA,NA,NA,NA,0.024,0.000343,0.31,22.6,0.323,10.6,NA,NA,NA,NA,0.367,NA,NA,"2",NA,NA,NA,0,0,0,NA,NA,""
1936,1940,36504,28,5,2021-08-22 07:33:00,2021-08-22 18:36:00,"22/08/2021 07:33","22/08/2021 07:33",11.1,11,0.05,55.5,50,55.6,44.6,NA,2.64,"mg NH3 /m3",NA,NA,NA,NA,NA,0.174,0.00248,1.93,24.5,0.35,18.1,NA,NA,NA,NA,2.28,NA,NA,"2",NA,NA,NA,0,0,0,NA,NA,""
1936,1940,36505,29,6,2021-08-22 18:36:00,2021-08-23 07:40:00,"22/08/2021 18:36","22/08/2021 18:36",13.1,13.1,0.0333,68.6,62,68.7,55.6,NA,0.684,"mg NH3 /m3",NA,NA,NA,NA,NA,0.00727,0.000104,0.0953,24.6,0.351,10.7,NA,NA,NA,NA,0.463,NA,NA,"2",NA,NA,NA,0,0,0,NA,NA,""
1936,1940,36506,30,7,2021-08-23 07:40:00,2021-08-23 19:16:00,"23/08/2021 07:40","23/08/2021 07:40",11.6,11.6,0,80.2,74.4,80.3,68.7,NA,2.35,"mg NH3 /m3",NA,NA,NA,NA,NA,0.0639,0.000913,0.742,25.3,0.362,18.9,NA,NA,NA,NA,1.33,NA,NA,"2",NA,NA,NA,0,0,0,NA,NA,""
1936,1940,36507,31,8,2021-08-23 19:16:00,2021-08-24 07:24:00,"23/08/2021 19:16","23/08/2021 19:16",12.1,12.1,-0.0333,92.3,86.2,92.4,80.3,NA,-0.235,"mg NH3 /m3",NA,NA,NA,NA,NA,0.0018,2.57e-05,0.0217,25.4,0.362,12.4,NA,NA,NA,NA,0.56,NA,NA,"2",NA,NA,NA,0,0,0,NA,NA,""
1936,1940,36508,32,9,2021-08-24 07:24:00,2021-08-24 18:58:00,"24/08/2021 07:24","24/08/2021 07:24",11.6,11.6,0.0333,104,98.1,104,92.4,NA,2.09,"mg NH3 /m3",NA,NA,NA,NA,NA,0.0466,0.000665,0.54,25.9,0.37,17.8,NA,NA,NA,NA,1.91,NA,NA,"2",NA,NA,NA,0,0,0,NA,NA,""
1936,1940,36509,33,10,2021-08-24 18:58:00,2021-08-25 07:26:00,"24/08/2021 18:58","24/08/2021 18:58",12.5,12.5,0.0333,116,110,116,104,NA,0.196,"mg NH3 /m3",NA,NA,NA,NA,NA,0.0127,0.000181,0.159,26.1,0.372,14.4,NA,NA,NA,NA,3.18,NA,NA,"2",NA,NA,NA,0,0,0,NA,NA,""
1936,1940,36510,34,11,2021-08-25 07:26:00,2021-08-25 19:00:00,"25/08/2021 07:26","25/08/2021 07:26",11.6,11.6,0.0333,128,122,128,116,NA,-0.198,"mg NH3 /m3",NA,NA,NA,NA,NA,0.0152,0.000217,0.176,26.2,0.375,17.8,NA,NA,NA,NA,4.06,NA,NA,"2",NA,NA,NA,0,0,0,NA,NA,""
1936,1940,36511,35,12,2021-08-25 19:00:00,2021-08-26 10:34:00,"25/08/2021 19:00","25/08/2021 19:00",15.6,15.6,0.0333,144,136,144,128,NA,1.37,"mg NH3 /m3",NA,NA,NA,NA,NA,-0.000472,-6.74e-06,-0.00736,26.2,0.375,13.8,NA,NA,NA,NA,2.35,NA,NA,"2",NA,NA,NA,0,0,0,NA,NA,""
1936,1940,36512,36,13,2021-08-26 10:34:00,2021-08-26 18:51:00,"26/08/2021 10:34","26/08/2021 10:34",8.3,8.28,0.0167,152,148,152,144,NA,3.51,"mg NH3 /m3",NA,NA,NA,NA,NA,0.0182,0.000259,0.151,26.4,0.377,15.2,NA,NA,NA,NA,4.2,NA,NA,"2",NA,NA,NA,0,0,0,NA,NA,""
1936,1940,36513,37,14,2021-08-26 18:51:00,2021-08-27 07:33:00,"26/08/2021 18:51","26/08/2021 18:51",12.7,12.7,0,165,158,165,152,NA,0.778,"mg NH3 /m3",NA,NA,NA,NA,NA,0.0102,0.000146,0.13,26.5,0.379,14.2,NA,NA,NA,NA,3.64,NA,NA,"2",NA,NA,NA,0,0,0,NA,NA,""
1936,1940,36514,38,15,2021-08-27 07:33:00,2021-08-27 17:40:00,"27/08/2021 07:33","27/08/2021 07:33",10.1,10.1,-0.0167,175,170,175,165,NA,-0.0341,"mg NH3 /m3",NA,NA,NA,NA,NA,0.0074,0.000106,0.0747,26.6,0.38,15.3,NA,NA,NA,NA,4.45,NA,NA,"2",NA,NA,NA,0,0,0,NA,NA,""
1936,1940,36515,39,16,2021-08-27 17:40:00,2021-08-28 14:00:00,"27/08/2021 17:40","27/08/2021 17:40",20.3,20.3,-0.0333,195,185,195,175,NA,0.179,"mg NH3 /m3",NA,NA,NA,NA,NA,0.00316,4.51e-05,0.0641,26.7,0.381,14.5,NA,NA,NA,NA,3.24,NA,NA,"2",NA,NA,NA,0,0,0,NA,NA,""
1936,1940,36516,40,17,2021-08-28 14:00:00,2021-08-29 08:13:00,"28/08/2021 14:00","28/08/2021 14:00",18.2,18.2,-0.0167,213,204,213,195,NA,0.0354,"mg NH3 /m3",NA,NA,NA,NA,NA,0.00204,2.92e-05,0.0372,26.7,0.381,15.1,NA,NA,NA,NA,2.4,NA,NA,"2",NA,NA,NA,0,0,0,NA,NA,""
1936,1940,36517,41,18,2021-08-29 08:13:00,2021-08-30 09:09:00,"29/08/2021 08:13","29/08/2021 08:13",24.9,24.9,-0.0333,238,226,238,213,NA,0.374,"mg NH3 /m3",NA,NA,NA,NA,NA,0.00176,2.51e-05,0.0438,26.7,0.382,15.6,NA,NA,NA,NA,1.97,NA,NA,"2",NA,NA,NA,0,0,0,NA,NA,""
1937,1941,36518,43,1,2021-08-20 11:23:00,2021-08-20 13:40:00,"20-08-2021 11:23","20-08-2021 11:23",2.28,2.28,0,2.28,1.14,2.7,0.417,NA,NA,NA,NA,NA,NA,NA,NA,0.482,0.00688,1.1,1.1,0.0157,16.1,NA,NA,NA,NA,2.73,NA,NA,"2",NA,NA,NA,0,0,0,NA,"Spot sample in time with no 'duration' at start of interval",""
1937,1941,36519,44,2,2021-08-20 13:40:00,2021-08-20 15:46:00,"20-08-2021 13:40","20-08-2021 13:40",2.1,2.1,0,4.38,3.33,4.8,2.7,NA,NA,NA,NA,NA,NA,NA,NA,0.524,0.00748,1.1,2.2,0.0314,17,NA,NA,NA,NA,3.29,NA,NA,"2",NA,NA,NA,0,0,0,NA,"Spot sample in time with no 'duration' at start of interval",""
1937,1941,36520,45,3,2021-08-20 15:46:00,2021-08-20 18:23:00,"20-08-2021 15:46","20-08-2021 15:46",2.62,2.62,0,7,5.69,7.42,4.8,NA,NA,NA,NA,NA,NA,NA,NA,0.382,0.00546,1,3.2,0.0457,16.6,NA,NA,NA,NA,3.43,NA,NA,"2",NA,NA,NA,0,0,0,NA,"Spot sample in time with no 'duration' at start of interval",""
1937,1941,36521,46,4,2021-08-20 18:23:00,2021-08-21 07:10:00,"20-08-2021 18:23","20-08-2021 18:23",12.8,12.8,0,19.8,13.4,20.2,7.42,NA,NA,NA,NA,NA,NA,NA,NA,0.172,0.00246,2.2,5.4,0.0771,11.7,NA,NA,NA,NA,1.21,NA,NA,"2",NA,NA,NA,0,0,0,NA,"Spot sample in time with no 'duration' at start of interval",""
1937,1941,36522,47,5,2021-08-21 07:10:00,2021-08-21 10:11:00,"21-08-2021 07:10","21-08-2021 07:10",3.02,3.02,0,22.8,21.3,23.2,20.2,NA,NA,NA,NA,NA,NA,NA,NA,0.0994,0.00142,0.3,5.7,0.0814,13.5,NA,NA,NA,NA,1.43,NA,NA,"2",NA,NA,NA,0,0,0,NA,"Spot sample in time with no 'duration' at start of interval",""
1937,1941,36523,48,6,2021-08-21 10:11:00,2021-08-21 13:08:00,"21-08-2021 10:11","21-08-2021 10:11",2.95,2.95,0,25.8,24.3,26.2,23.2,NA,NA,NA,NA,NA,NA,NA,NA,0.136,0.00194,0.4,6.1,0.0871,15.8,NA,NA,NA,NA,2.05,NA,NA,"2",NA,NA,NA,0,0,0,NA,"Spot sample in time with no 'duration' at start of interval",""
1937,1941,36524,49,7,2021-08-21 13:08:00,2021-08-21 16:04:00,"21-08-2021 13:08","21-08-2021 13:08",2.93,2.93,0,28.7,27.2,29.1,26.2,NA,NA,NA,NA,NA,NA,NA,NA,0.0682,0.000974,0.2,6.3,0.09,16.4,NA,NA,NA,NA,1.61,NA,NA,"2",NA,NA,NA,0,0,0,NA,"Spot sample in time with no 'duration' at start of interval",""
1937,1941,36525,50,8,2021-08-21 16:04:00,2021-08-21 18:35:00,"21-08-2021 16:04","21-08-2021 16:04",2.52,2.52,0,31.2,29.9,31.6,29.1,NA,NA,NA,NA,NA,NA,NA,NA,0.0795,0.00114,0.2,6.5,0.0929,17.3,NA,NA,NA,NA,1.72,NA,NA,"2",NA,NA,NA,0,0,0,NA,"Spot sample in time with no 'duration' at start of interval",""
1937,1941,36526,51,9,2021-08-21 18:35:00,2021-08-22 07:15:00,"21-08-2021 18:35","21-08-2021 18:35",12.7,12.7,0,43.9,37.5,44.3,31.6,NA,NA,NA,NA,NA,NA,NA,NA,0.0789,0.00113,1,7.5,0.107,10.9,NA,NA,NA,NA,0.38,NA,NA,"2",NA,NA,NA,0,0,0,NA,"Spot sample in time with no 'duration' at start of interval",""
1937,1941,36527,52,10,2021-08-22 07:15:00,2021-08-22 10:35:00,"22-08-2021 07:15","22-08-2021 07:15",3.33,3.33,0,47.2,45.5,47.6,44.3,NA,NA,NA,NA,NA,NA,NA,NA,0.03,0.000429,0.1,7.6,0.109,13.8,NA,NA,NA,NA,1.53,NA,NA,"2",NA,NA,NA,0,0,0,NA,"Spot sample in time with no 'duration' at start of interval",""
1937,1941,36528,53,11,2021-08-22 10:35:00,2021-08-22 13:22:00,"22-08-2021 10:35","22-08-2021 10:35",2.78,2.78,0,50,48.6,50.4,47.6,NA,NA,NA,NA,NA,NA,NA,NA,0.0719,0.00103,0.2,7.8,0.111,18.8,NA,NA,NA,NA,1.99,NA,NA,"2",NA,NA,NA,0,0,0,NA,"Spot sample in time with no 'duration' at start of interval",""
1937,1941,36529,54,12,2021-08-22 13:22:00,2021-08-22 15:51:00,"22-08-2021 13:22","22-08-2021 13:22",2.48,2.48,0,52.5,51.2,52.9,50.4,NA,NA,NA,NA,NA,NA,NA,NA,0.0805,0.00115,0.2,8,0.114,19.6,NA,NA,NA,NA,2.59,NA,NA,"2",NA,NA,NA,0,0,0,NA,"Spot sample in time with no 'duration' at start of interval",""
1937,1941,36530,55,13,2021-08-22 15:51:00,2021-08-22 18:22:00,"22-08-2021 15:51","22-08-2021 15:51",2.52,2.52,0,55,53.7,55.4,52.9,NA,NA,NA,NA,NA,NA,NA,NA,0.0795,0.00114,0.2,8.2,0.117,19.4,NA,NA,NA,NA,2.88,NA,NA,"2",NA,NA,NA,0,0,0,NA,"Spot sample in time with no 'duration' at start of interval",""
1937,1941,36531,56,14,2021-08-22 18:22:00,2021-08-23 07:19:00,"22-08-2021 18:22","22-08-2021 18:22",13,13,0,67.9,61.5,68.4,55.4,NA,NA,NA,NA,NA,NA,NA,NA,0.0386,0.000552,0.5,8.7,0.124,11.1,NA,NA,NA,NA,0.558,NA,NA,"2",NA,NA,NA,0,0,0,NA,"Spot sample in time with no 'duration' at start of interval",""
1937,1941,36532,57,15,2021-08-23 07:19:00,2021-08-23 10:19:00,"23-08-2021 07:19","23-08-2021 07:19",3,3,0,70.9,69.4,71.4,68.4,NA,NA,NA,NA,NA,NA,NA,NA,0.0333,0.000476,0.1,8.8,0.126,12.6,NA,NA,NA,NA,1.13,NA,NA,"2",NA,NA,NA,0,0,0,NA,"Spot sample in time with no 'duration' at start of interval",""
1937,1941,36533,58,16,2021-08-23 10:19:00,2021-08-23 13:01:00,"23-08-2021 10:19","23-08-2021 10:19",2.7,2.7,0,73.6,72.3,74,71.4,NA,NA,NA,NA,NA,NA,NA,NA,0.037,0.000529,0.1,8.9,0.127,18.8,NA,NA,NA,NA,1.01,NA,NA,"2",NA,NA,NA,0,0,0,NA,"Spot sample in time with no 'duration' at start of interval",""
1937,1941,36534,59,17,2021-08-23 13:01:00,2021-08-23 16:06:00,"23-08-2021 13:01","23-08-2021 13:01",3.08,3.08,0,76.7,75.2,77.1,74,NA,NA,NA,NA,NA,NA,NA,NA,0.0649,0.000927,0.2,9.1,0.13,21.2,NA,NA,NA,NA,1.17,NA,NA,"2",NA,NA,NA,0,0,0,NA,"Spot sample in time with no 'duration' at start of interval",""
1937,1941,36535,60,18,2021-08-23 16:06:00,2021-08-23 19:03:00,"23-08-2021 16:06","23-08-2021 16:06",2.95,2.95,0,79.7,78.2,80.1,77.1,NA,NA,NA,NA,NA,NA,NA,NA,0.0339,0.000484,0.1,9.2,0.131,20.9,NA,NA,NA,NA,1.86,NA,NA,"2",NA,NA,NA,0,0,0,NA,"Spot sample in time with no 'duration' at start of interval",""
1937,1941,36536,61,19,2021-08-23 19:03:00,2021-08-24 07:06:00,"23-08-2021 19:03","23-08-2021 19:03",12,12,0,91.7,85.7,92.1,80.1,NA,NA,NA,NA,NA,NA,NA,NA,0.0166,0.000237,0.2,9.4,0.134,12.4,NA,NA,NA,NA,0.56,NA,NA,"2",NA,NA,NA,0,0,0,NA,"Spot sample in time with no 'duration' at start of interval",""
1937,1941,36537,62,20,2021-08-24 07:06:00,2021-08-24 10:19:00,"24-08-2021 07:06","24-08-2021 07:06",3.22,3.22,0,94.9,93.3,95.4,92.1,NA,NA,NA,NA,NA,NA,NA,NA,0,0,0,9.4,0.134,12.6,NA,NA,NA,NA,0.892,NA,NA,"2",NA,NA,NA,0,0,0,NA,"Spot sample in time with no 'duration' at start of interval",""
1937,1941,36538,63,21,2021-08-24 10:19:00,2021-08-24 12:54:00,"24-08-2021 10:19","24-08-2021 10:19",2.58,2.58,0,97.5,96.2,97.9,95.4,NA,NA,NA,NA,NA,NA,NA,NA,0.0387,0.000553,0.1,9.5,0.136,17.8,NA,NA,NA,NA,1.42,NA,NA,"2",NA,NA,NA,0,0,0,NA,"Spot sample in time with no 'duration' at start of interval",""
1937,1941,36539,64,22,2021-08-24 12:54:00,2021-08-24 16:28:00,"24-08-2021 12:54","24-08-2021 12:54",3.57,3.57,0,101,99.3,102,97.9,NA,NA,NA,NA,NA,NA,NA,NA,0.0561,0.000801,0.2,9.7,0.139,20.5,NA,NA,NA,NA,2.65,NA,NA,"2",NA,NA,NA,0,0,0,NA,"Spot sample in time with no 'duration' at start of interval",""
1937,1941,36540,65,23,2021-08-24 16:28:00,2021-08-24 18:43:00,"24-08-2021 16:28","24-08-2021 16:28",2.25,2.25,0,103,102,104,102,NA,NA,NA,NA,NA,NA,NA,NA,0,0,0,9.7,0.139,19.5,NA,NA,NA,NA,2.54,NA,NA,"2",NA,NA,NA,0,0,0,NA,"Spot sample in time with no 'duration' at start of interval",""
1937,1941,36541,66,24,2021-08-24 18:43:00,2021-08-25 07:08:00,"24-08-2021 18:43","24-08-2021 18:43",12.4,12.4,0,116,110,116,104,NA,NA,NA,NA,NA,NA,NA,NA,0.0483,0.00069,0.6,10.3,0.147,14.4,NA,NA,NA,NA,3.18,NA,NA,"2",NA,NA,NA,0,0,0,NA,"Spot sample in time with no 'duration' at start of interval",""
1937,1941,36542,67,25,2021-08-25 07:08:00,2021-08-25 13:17:00,"25-08-2021 07:08","25-08-2021 07:08",6.15,6.15,0,122,119,122,116,NA,NA,NA,NA,NA,NA,NA,NA,0.0163,0.000232,0.1,10.4,0.149,16.4,NA,NA,NA,NA,4.2,NA,NA,"2",NA,NA,NA,0,0,0,NA,"Spot sample in time with no 'duration' at start of interval",""
1937,1941,36543,68,26,2021-08-25 13:17:00,2021-08-25 16:17:00,"25-08-2021 13:17","25-08-2021 13:17",3,3,0,125,123,125,122,NA,NA,NA,NA,NA,NA,NA,NA,0,0,0,10.4,0.149,19,NA,NA,NA,NA,4.69,NA,NA,"2",NA,NA,NA,0,0,0,NA,"Spot sample in time with no 'duration' at start of interval",""
1937,1941,36544,69,27,2021-08-25 16:17:00,2021-08-25 18:43:00,"25-08-2021 16:17","25-08-2021 16:17",2.43,2.43,0,127,126,128,125,NA,NA,NA,NA,NA,NA,NA,NA,0,0,0,10.4,0.149,19.3,NA,NA,NA,NA,3.24,NA,NA,"2",NA,NA,NA,0,0,0,NA,"Spot sample in time with no 'duration' at start of interval",""
1937,1941,36545,70,28,2021-08-25 18:43:00,2021-08-26 07:13:00,"25-08-2021 18:43","25-08-2021 18:43",12.5,12.5,0,140,134,140,128,NA,NA,NA,NA,NA,NA,NA,NA,0,0,0,10.4,0.149,14,NA,NA,NA,NA,1.96,NA,NA,"2",NA,NA,NA,0,0,0,NA,"Spot sample in time with no 'duration' at start of interval",""
1937,1941,36546,71,29,2021-08-26 07:13:00,2021-08-26 10:50:00,"26-08-2021 07:13","26-08-2021 07:13",3.62,3.62,0,143,142,144,140,NA,NA,NA,NA,NA,NA,NA,NA,0,0,0,10.4,0.149,13.8,NA,NA,NA,NA,3.86,NA,NA,"2",NA,NA,NA,0,0,0,NA,"Spot sample in time with no 'duration' at start of interval",""
1937,1941,36547,72,30,2021-08-26 10:50:00,2021-08-26 14:45:00,"26-08-2021 10:50","26-08-2021 10:50",3.92,3.92,0,147,145,148,144,NA,NA,NA,NA,NA,NA,NA,NA,0,0,0,10.4,0.149,15.1,NA,NA,NA,NA,4.52,NA,NA,"2",NA,NA,NA,0,0,0,NA,"Spot sample in time with no 'duration' at start of interval",""
1937,1941,36548,73,31,2021-08-26 14:45:00,2021-08-26 18:36:00,"26-08-2021 14:45","26-08-2021 14:45",3.85,3.85,0,151,149,152,148,NA,NA,NA,NA,NA,NA,NA,NA,0,0,0,10.4,0.149,15.3,NA,NA,NA,NA,3.91,NA,NA,"2",NA,NA,NA,0,0,0,NA,"Spot sample in time with no 'duration' at start of interval",""
1937,1941,36549,74,32,2021-08-26 18:36:00,2021-08-27 07:16:00,"26-08-2021 18:36","26-08-2021 18:36",12.7,12.7,0,164,158,164,152,NA,NA,NA,NA,NA,NA,NA,NA,0,0,0,10.4,0.149,14.2,NA,NA,NA,NA,3.64,NA,NA,"2",NA,NA,NA,0,0,0,NA,"Spot sample in time with no 'duration' at start of interval",""
1937,1941,36550,75,33,2021-08-27 07:16:00,2021-08-27 17:24:00,"27-08-2021 07:16","27-08-2021 07:16",10.1,10.1,0,174,169,174,164,NA,NA,NA,NA,NA,NA,NA,NA,0,0,0,10.4,0.149,15.2,NA,NA,NA,NA,4.37,NA,NA,"2",NA,NA,NA,0,0,0,NA,"Spot sample in time with no 'duration' at start of interval",""
1937,1941,36551,76,34,2021-08-27 17:24:00,2021-08-28 07:57:00,"27-08-2021 17:24","27-08-2021 17:24",14.6,14.6,0,189,181,189,174,NA,NA,NA,NA,NA,NA,NA,NA,0,0,0,10.4,0.149,14.3,NA,NA,NA,NA,3.16,NA,NA,"2",NA,NA,NA,0,0,0,NA,"Spot sample in time with no 'duration' at start of interval",""
1937,1941,36552,77,35,2021-08-28 07:57:00,2021-08-28 13:44:00,"28-08-2021 07:57","28-08-2021 07:57",5.78,5.78,0,194,191,195,189,NA,NA,NA,NA,NA,NA,NA,NA,0,0,0,10.4,0.149,15.1,NA,NA,NA,NA,3.62,NA,NA,"2",NA,NA,NA,0,0,0,NA,"Spot sample in time with no 'duration' at start of interval",""
1937,1941,36553,78,36,2021-08-28 13:44:00,2021-08-29 07:58:00,"28-08-2021 13:44","28-08-2021 13:44",18.2,18.2,0,213,203,213,195,NA,NA,NA,NA,NA,NA,NA,NA,0,0,0,10.4,0.149,15.1,NA,NA,NA,NA,2.4,NA,NA,"2",NA,NA,NA,0,0,0,NA,"Spot sample in time with no 'duration' at start of interval",""
1937,1941,36554,79,37,2021-08-29 07:58:00,2021-08-29 12:58:00,"29-08-2021 07:58","29-08-2021 07:58",5,5,0,218,215,218,213,NA,NA,NA,NA,NA,NA,NA,NA,0,0,0,10.4,0.149,15.9,NA,NA,NA,NA,3.52,NA,NA,"2",NA,NA,NA,0,0,0,NA,"Spot sample in time with no 'duration' at start of interval",""
1938,1942,36555,80,1,2021-08-20 11:33:00,2021-08-20 13:52:00,"20-08-2021 11:33","20-08-2021 11:33",2.32,2.32,0,2.32,1.16,2.9,0.583,NA,NA,NA,NA,NA,NA,NA,NA,0.432,0.00617,1,1,0.0143,16.1,NA,NA,NA,NA,2.73,NA,NA,"2",NA,NA,NA,0,0,0,NA,"Spot sample in time with no 'duration' at start of interval",""
1938,1942,36556,81,2,2021-08-20 13:52:00,2021-08-20 15:50:00,"20-08-2021 13:52","20-08-2021 13:52",1.97,1.97,0,4.28,3.3,4.87,2.9,NA,NA,NA,NA,NA,NA,NA,NA,0.508,0.00726,1,2,0.0286,17,NA,NA,NA,NA,3.29,NA,NA,"2",NA,NA,NA,0,0,0,NA,"Spot sample in time with no 'duration' at start of interval",""
1938,1942,36557,82,3,2021-08-20 15:50:00,2021-08-20 18:27:00,"20-08-2021 15:50","20-08-2021 15:50",2.62,2.62,0,6.9,5.59,7.48,4.87,NA,NA,NA,NA,NA,NA,NA,NA,0.459,0.00655,1.2,3.2,0.0457,16.6,NA,NA,NA,NA,3.43,NA,NA,"2",NA,NA,NA,0,0,0,NA,"Spot sample in time with no 'duration' at start of interval",""
1938,1942,36558,83,4,2021-08-20 18:27:00,2021-08-21 07:17:00,"20-08-2021 18:27","20-08-2021 18:27",12.8,12.8,0,19.7,13.3,20.3,7.48,NA,NA,NA,NA,NA,NA,NA,NA,0.187,0.00267,2.4,5.6,0.08,11.7,NA,NA,NA,NA,1.21,NA,NA,"2",NA,NA,NA,0,0,0,NA,"Spot sample in time with no 'duration' at start of interval",""
1938,1942,36559,84,5,2021-08-21 07:17:00,2021-08-21 10:18:00,"21-08-2021 07:17","21-08-2021 07:17",3.02,3.02,0,22.8,21.2,23.3,20.3,NA,NA,NA,NA,NA,NA,NA,NA,0.133,0.00189,0.4,6,0.0857,13.5,NA,NA,NA,NA,1.43,NA,NA,"2",NA,NA,NA,0,0,0,NA,"Spot sample in time with no 'duration' at start of interval",""
1938,1942,36560,85,6,2021-08-21 10:18:00,2021-08-21 13:14:00,"21-08-2021 10:18","21-08-2021 10:18",2.93,2.93,0,25.7,24.2,26.3,23.3,NA,NA,NA,NA,NA,NA,NA,NA,0.136,0.00195,0.4,6.4,0.0914,15.8,NA,NA,NA,NA,2.05,NA,NA,"2",NA,NA,NA,0,0,0,NA,"Spot sample in time with no 'duration' at start of interval",""
1938,1942,36561,86,7,2021-08-21 13:14:00,2021-08-21 16:10:00,"21-08-2021 13:14","21-08-2021 13:14",2.93,2.93,0,28.6,27.2,29.2,26.3,NA,NA,NA,NA,NA,NA,NA,NA,0.136,0.00195,0.4,6.8,0.0971,16.4,NA,NA,NA,NA,1.61,NA,NA,"2",NA,NA,NA,0,0,0,NA,"Spot sample in time with no 'duration' at start of interval",""
1938,1942,36562,87,8,2021-08-21 16:10:00,2021-08-21 18:29:00,"21-08-2021 16:10","21-08-2021 16:10",2.32,2.32,0,30.9,29.8,31.5,29.2,NA,NA,NA,NA,NA,NA,NA,NA,0.0863,0.00123,0.2,7,0.1,17.3,NA,NA,NA,NA,1.72,NA,NA,"2",NA,NA,NA,0,0,0,NA,"Spot sample in time with no 'duration' at start of interval",""
1938,1942,36563,88,9,2021-08-21 18:29:00,2021-08-22 07:19:00,"21-08-2021 18:29","21-08-2021 18:29",12.8,12.8,0,43.8,37.4,44.4,31.5,NA,NA,NA,NA,NA,NA,NA,NA,0.0623,0.00089,0.8,7.8,0.111,10.9,NA,NA,NA,NA,0.38,NA,NA,"2",NA,NA,NA,0,0,0,NA,"Spot sample in time with no 'duration' at start of interval",""
1938,1942,36564,89,10,2021-08-22 07:19:00,2021-08-22 10:40:00,"22-08-2021 07:19","22-08-2021 07:19",3.35,3.35,0,47.1,45.4,47.7,44.4,NA,NA,NA,NA,NA,NA,NA,NA,0.0597,0.000853,0.2,8,0.114,13.8,NA,NA,NA,NA,1.53,NA,NA,"2",NA,NA,NA,0,0,0,NA,"Spot sample in time with no 'duration' at start of interval",""
1938,1942,36565,90,11,2021-08-22 10:40:00,2021-08-22 13:26:00,"22-08-2021 10:40","22-08-2021 10:40",2.77,2.77,0,49.9,48.5,50.5,47.7,NA,NA,NA,NA,NA,NA,NA,NA,0.108,0.00155,0.3,8.3,0.119,18.8,NA,NA,NA,NA,1.99,NA,NA,"2",NA,NA,NA,0,0,0,NA,"Spot sample in time with no 'duration' at start of interval",""
1938,1942,36566,91,12,2021-08-22 13:26:00,2021-08-22 15:55:00,"22-08-2021 13:26","22-08-2021 13:26",2.48,2.48,0,52.4,51.1,53,50.5,NA,NA,NA,NA,NA,NA,NA,NA,0.121,0.00173,0.3,8.6,0.123,19.6,NA,NA,NA,NA,2.59,NA,NA,"2",NA,NA,NA,0,0,0,NA,"Spot sample in time with no 'duration' at start of interval",""
1938,1942,36567,92,13,2021-08-22 15:55:00,2021-08-22 18:26:00,"22-08-2021 15:55","22-08-2021 15:55",2.52,2.52,0,54.9,53.6,55.5,53,NA,NA,NA,NA,NA,NA,NA,NA,0.0795,0.00114,0.2,8.8,0.126,19.4,NA,NA,NA,NA,2.88,NA,NA,"2",NA,NA,NA,0,0,0,NA,"Spot sample in time with no 'duration' at start of interval",""
1938,1942,36568,93,14,2021-08-22 18:26:00,2021-08-23 07:24:00,"22-08-2021 18:26","22-08-2021 18:26",13,13,0,67.8,61.4,68.4,55.5,NA,NA,NA,NA,NA,NA,NA,NA,0.0386,0.000551,0.5,9.3,0.133,11.1,NA,NA,NA,NA,0.558,NA,NA,"2",NA,NA,NA,0,0,0,NA,"Spot sample in time with no 'duration' at start of interval",""
1938,1942,36569,94,15,2021-08-23 07:24:00,2021-08-23 10:25:00,"23-08-2021 07:24","23-08-2021 07:24",3.02,3.02,0,70.9,69.4,71.4,68.4,NA,NA,NA,NA,NA,NA,NA,NA,0.0331,0.000474,0.1,9.4,0.134,12.6,NA,NA,NA,NA,1.13,NA,NA,"2",NA,NA,NA,0,0,0,NA,"Spot sample in time with no 'duration' at start of interval",""
1938,1942,36570,95,16,2021-08-23 10:25:00,2021-08-23 13:05:00,"23-08-2021 10:25","23-08-2021 10:25",2.67,2.67,0,73.5,72.2,74.1,71.4,NA,NA,NA,NA,NA,NA,NA,NA,0.0375,0.000536,0.1,9.5,0.136,18.8,NA,NA,NA,NA,1.01,NA,NA,"2",NA,NA,NA,0,0,0,NA,"Spot sample in time with no 'duration' at start of interval",""
1938,1942,36571,96,17,2021-08-23 13:05:00,2021-08-23 16:11:00,"23-08-2021 13:05","23-08-2021 13:05",3.1,3.1,0,76.6,75.1,77.2,74.1,NA,NA,NA,NA,NA,NA,NA,NA,0.0645,0.000922,0.2,9.7,0.139,21.2,NA,NA,NA,NA,1.17,NA,NA,"2",NA,NA,NA,0,0,0,NA,"Spot sample in time with no 'duration' at start of interval",""
1938,1942,36572,97,18,2021-08-23 16:11:00,2021-08-23 19:07:00,"23-08-2021 16:11","23-08-2021 16:11",2.93,2.93,0,79.6,78.1,80.2,77.2,NA,NA,NA,NA,NA,NA,NA,NA,0.0341,0.000487,0.1,9.8,0.14,20.9,NA,NA,NA,NA,1.86,NA,NA,"2",NA,NA,NA,0,0,0,NA,"Spot sample in time with no 'duration' at start of interval",""
1938,1942,36573,98,19,2021-08-23 19:07:00,2021-08-24 07:12:00,"23-08-2021 19:07","23-08-2021 19:07",12.1,12.1,0,91.6,85.6,92.2,80.2,NA,NA,NA,NA,NA,NA,NA,NA,0.00828,0.000118,0.1,9.9,0.141,12.4,NA,NA,NA,NA,0.56,NA,NA,"2",NA,NA,NA,0,0,0,NA,"Spot sample in time with no 'duration' at start of interval",""
1938,1942,36574,99,20,2021-08-24 07:12:00,2021-08-24 10:25:00,"24-08-2021 07:12","24-08-2021 07:12",3.22,3.22,0,94.9,93.3,95.4,92.2,NA,NA,NA,NA,NA,NA,NA,NA,0.0311,0.000444,0.1,10,0.143,12.6,NA,NA,NA,NA,0.892,NA,NA,"2",NA,NA,NA,0,0,0,NA,"Spot sample in time with no 'duration' at start of interval",""
1938,1942,36575,100,21,2021-08-24 10:25:00,2021-08-24 12:59:00,"24-08-2021 10:25","24-08-2021 10:25",2.57,2.57,0,97.4,96.2,98,95.4,NA,NA,NA,NA,NA,NA,NA,NA,0,0,0,10,0.143,17.8,NA,NA,NA,NA,1.42,NA,NA,"2",NA,NA,NA,0,0,0,NA,"Spot sample in time with no 'duration' at start of interval",""
1938,1942,36576,101,22,2021-08-24 12:59:00,2021-08-24 16:32:00,"24-08-2021 12:59","24-08-2021 12:59",3.55,3.55,0,101,99.2,102,98,NA,NA,NA,NA,NA,NA,NA,NA,0.0563,0.000805,0.2,10.2,0.146,20.5,NA,NA,NA,NA,2.65,NA,NA,"2",NA,NA,NA,0,0,0,NA,"Spot sample in time with no 'duration' at start of interval",""
1938,1942,36577,102,23,2021-08-24 16:32:00,2021-08-24 18:48:00,"24-08-2021 16:32","24-08-2021 16:32",2.27,2.27,0,103,102,104,102,NA,NA,NA,NA,NA,NA,NA,NA,0.0441,0.00063,0.1,10.3,0.147,19.5,NA,NA,NA,NA,2.54,NA,NA,"2",NA,NA,NA,0,0,0,NA,"Spot sample in time with no 'duration' at start of interval",""
1938,1942,36578,103,24,2021-08-24 18:48:00,2021-08-25 07:14:00,"24-08-2021 18:48","24-08-2021 18:48",12.4,12.4,0,116,109,116,104,NA,NA,NA,NA,NA,NA,NA,NA,0.0161,0.00023,0.2,10.5,0.15,14.4,NA,NA,NA,NA,3.18,NA,NA,"2",NA,NA,NA,0,0,0,NA,"Spot sample in time with no 'duration' at start of interval",""
1938,1942,36579,104,25,2021-08-25 07:14:00,2021-08-25 13:22:00,"25-08-2021 07:14","25-08-2021 07:14",6.13,6.13,0,122,119,122,116,NA,NA,NA,NA,NA,NA,NA,NA,0,0,0,10.5,0.15,16.4,NA,NA,NA,NA,4.2,NA,NA,"2",NA,NA,NA,0,0,0,NA,"Spot sample in time with no 'duration' at start of interval",""
1938,1942,36580,105,26,2021-08-25 13:22:00,2021-08-25 16:22:00,"25-08-2021 13:22","25-08-2021 13:22",3,3,0,125,123,125,122,NA,NA,NA,NA,NA,NA,NA,NA,0.0333,0.000476,0.1,10.6,0.151,19,NA,NA,NA,NA,4.69,NA,NA,"2",NA,NA,NA,0,0,0,NA,"Spot sample in time with no 'duration' at start of interval",""
1938,1942,36581,106,27,2021-08-25 16:22:00,2021-08-25 18:48:00,"25-08-2021 16:22","25-08-2021 16:22",2.43,2.43,0,127,126,128,125,NA,NA,NA,NA,NA,NA,NA,NA,0,0,0,10.6,0.151,19.3,NA,NA,NA,NA,3.24,NA,NA,"2",NA,NA,NA,0,0,0,NA,"Spot sample in time with no 'duration' at start of interval",""
1938,1942,36582,107,28,2021-08-25 18:48:00,2021-08-26 07:19:00,"25-08-2021 18:48","25-08-2021 18:48",12.5,12.5,0,140,134,140,128,NA,NA,NA,NA,NA,NA,NA,NA,0,0,0,10.6,0.151,14,NA,NA,NA,NA,1.96,NA,NA,"2",NA,NA,NA,0,0,0,NA,"Spot sample in time with no 'duration' at start of interval",""
1938,1942,36583,108,29,2021-08-26 07:19:00,2021-08-26 11:02:00,"26-08-2021 07:19","26-08-2021 07:19",3.72,3.72,0,143,142,144,140,NA,NA,NA,NA,NA,NA,NA,NA,0,0,0,10.6,0.151,13.8,NA,NA,NA,NA,3.86,NA,NA,"2",NA,NA,NA,0,0,0,NA,"Spot sample in time with no 'duration' at start of interval",""
1938,1942,36584,109,30,2021-08-26 11:02:00,2021-08-26 14:50:00,"26-08-2021 11:02","26-08-2021 11:02",3.8,3.8,0,147,145,148,144,NA,NA,NA,NA,NA,NA,NA,NA,0,0,0,10.6,0.151,15.1,NA,NA,NA,NA,4.52,NA,NA,"2",NA,NA,NA,0,0,0,NA,"Spot sample in time with no 'duration' at start of interval",""
1938,1942,36585,110,31,2021-08-26 14:50:00,2021-08-26 18:40:00,"26-08-2021 14:50","26-08-2021 14:50",3.83,3.83,0,151,149,152,148,NA,NA,NA,NA,NA,NA,NA,NA,0,0,0,10.6,0.151,15.3,NA,NA,NA,NA,3.91,NA,NA,"2",NA,NA,NA,0,0,0,NA,"Spot sample in time with no 'duration' at start of interval",""
1938,1942,36586,111,32,2021-08-26 18:40:00,2021-08-27 07:20:00,"26-08-2021 18:40","26-08-2021 18:40",12.7,12.7,0,164,157,164,152,NA,NA,NA,NA,NA,NA,NA,NA,0,0,0,10.6,0.151,14.2,NA,NA,NA,NA,3.64,NA,NA,"2",NA,NA,NA,0,0,0,NA,"Spot sample in time with no 'duration' at start of interval",""
1938,1942,36587,112,33,2021-08-27 07:20:00,2021-08-27 17:29:00,"27-08-2021 07:20","27-08-2021 07:20",10.2,10.2,0,174,169,175,164,NA,NA,NA,NA,NA,NA,NA,NA,0,0,0,10.6,0.151,15.2,NA,NA,NA,NA,4.37,NA,NA,"2",NA,NA,NA,0,0,0,NA,"Spot sample in time with no 'duration' at start of interval",""
1938,1942,36588,113,34,2021-08-27 17:29:00,2021-08-28 08:02:00,"27-08-2021 17:29","27-08-2021 17:29",14.6,14.6,0,188,181,189,175,NA,NA,NA,NA,NA,NA,NA,NA,0,0,0,10.6,0.151,14.3,NA,NA,NA,NA,3.16,NA,NA,"2",NA,NA,NA,0,0,0,NA,"Spot sample in time with no 'duration' at start of interval",""
1938,1942,36589,114,35,2021-08-28 08:02:00,2021-08-28 13:49:00,"28-08-2021 08:02","28-08-2021 08:02",5.78,5.78,0,194,191,195,189,NA,NA,NA,NA,NA,NA,NA,NA,0,0,0,10.6,0.151,15.1,NA,NA,NA,NA,3.62,NA,NA,"2",NA,NA,NA,0,0,0,NA,"Spot sample in time with no 'duration' at start of interval",""
1938,1942,36590,115,36,2021-08-28 13:49:00,2021-08-29 08:03:00,"28-08-2021 13:49","28-08-2021 13:49",18.2,18.2,0,212,203,213,195,NA,NA,NA,NA,NA,NA,NA,NA,0,0,0,10.6,0.151,15.1,NA,NA,NA,NA,2.4,NA,NA,"2",NA,NA,NA,0,0,0,NA,"Spot sample in time with no 'duration' at start of interval",""
1938,1942,36591,116,37,2021-08-29 08:03:00,2021-08-29 13:03:00,"29-08-2021 08:03","29-08-2021 08:03",5,5,0,218,215,218,213,NA,NA,NA,NA,NA,NA,NA,NA,0,0,0,10.6,0.151,15.9,NA,NA,NA,NA,3.52,NA,NA,"2",NA,NA,NA,0,0,0,NA,"Spot sample in time with no 'duration' at start of interval",""
1939,1943,36592,117,1,2021-08-20 11:40:00,2021-08-20 14:01:00,"20-08-2021 11:40","20-08-2021 11:40",2.35,2.35,0,2.35,1.18,3.05,0.7,NA,NA,NA,NA,NA,NA,NA,NA,0.553,0.0079,1.3,1.3,0.0186,16.1,NA,NA,NA,NA,2.73,NA,NA,"2",NA,NA,NA,0,0,0,NA,"Spot sample in time with no 'duration' at start of interval",""
1939,1943,36593,118,2,2021-08-20 14:01:00,2021-08-20 15:58:00,"20-08-2021 14:01","20-08-2021 14:01",1.95,1.95,0,4.3,3.32,5,3.05,NA,NA,NA,NA,NA,NA,NA,NA,0.513,0.00733,1,2.3,0.0329,17,NA,NA,NA,NA,3.29,NA,NA,"2",NA,NA,NA,0,0,0,NA,"Spot sample in time with no 'duration' at start of interval",""
1939,1943,36594,119,3,2021-08-20 15:58:00,2021-08-20 18:33:00,"20-08-2021 15:58","20-08-2021 15:58",2.58,2.58,0,6.88,5.59,7.58,5,NA,NA,NA,NA,NA,NA,NA,NA,0.426,0.00608,1.1,3.4,0.0486,16.6,NA,NA,NA,NA,3.43,NA,NA,"2",NA,NA,NA,0,0,0,NA,"Spot sample in time with no 'duration' at start of interval",""
1939,1943,36595,120,4,2021-08-20 18:33:00,2021-08-21 07:23:00,"20-08-2021 18:33","20-08-2021 18:33",12.8,12.8,0,19.7,13.3,20.4,7.58,NA,NA,NA,NA,NA,NA,NA,NA,0.226,0.00323,2.9,6.3,0.09,11.7,NA,NA,NA,NA,1.21,NA,NA,"2",NA,NA,NA,0,0,0,NA,"Spot sample in time with no 'duration' at start of interval",""
1939,1943,36596,121,5,2021-08-21 07:23:00,2021-08-21 10:25:00,"21-08-2021 07:23","21-08-2021 07:23",3.03,3.03,0,22.8,21.2,23.4,20.4,NA,NA,NA,NA,NA,NA,NA,NA,0.132,0.00188,0.4,6.7,0.0957,13.5,NA,NA,NA,NA,1.43,NA,NA,"2",NA,NA,NA,0,0,0,NA,"Spot sample in time with no 'duration' at start of interval",""
1939,1943,36597,122,6,2021-08-21 10:25:00,2021-08-21 13:19:00,"21-08-2021 10:25","21-08-2021 10:25",2.9,2.9,0,25.6,24.2,26.4,23.4,NA,NA,NA,NA,NA,NA,NA,NA,0.172,0.00246,0.5,7.2,0.103,15.8,NA,NA,NA,NA,2.05,NA,NA,"2",NA,NA,NA,0,0,0,NA,"Spot sample in time with no 'duration' at start of interval",""
1939,1943,36598,123,7,2021-08-21 13:19:00,2021-08-21 16:16:00,"21-08-2021 13:19","21-08-2021 13:19",2.95,2.95,0,28.6,27.1,29.3,26.4,NA,NA,NA,NA,NA,NA,NA,NA,0.136,0.00194,0.4,7.6,0.109,16.4,NA,NA,NA,NA,1.61,NA,NA,"2",NA,NA,NA,0,0,0,NA,"Spot sample in time with no 'duration' at start of interval",""
1939,1943,36599,124,8,2021-08-21 16:16:00,2021-08-21 18:22:00,"21-08-2021 16:16","21-08-2021 16:16",2.1,2.1,0,30.7,29.6,31.4,29.3,NA,NA,NA,NA,NA,NA,NA,NA,0.0952,0.00136,0.2,7.8,0.111,17.3,NA,NA,NA,NA,1.72,NA,NA,"2",NA,NA,NA,0,0,0,NA,"Spot sample in time with no 'duration' at start of interval",""
1939,1943,36600,125,9,2021-08-21 18:22:00,2021-08-22 07:23:00,"21-08-2021 18:22","21-08-2021 18:22",13,13,0,43.7,37.2,44.4,31.4,NA,NA,NA,NA,NA,NA,NA,NA,0.0615,0.000878,0.8,8.6,0.123,10.9,NA,NA,NA,NA,0.38,NA,NA,"2",NA,NA,NA,0,0,0,NA,"Spot sample in time with no 'duration' at start of interval",""
1939,1943,36601,126,10,2021-08-22 07:23:00,2021-08-22 10:45:00,"22-08-2021 07:23","22-08-2021 07:23",3.37,3.37,0,47.1,45.4,47.8,44.4,NA,NA,NA,NA,NA,NA,NA,NA,0.0594,0.000849,0.2,8.8,0.126,13.8,NA,NA,NA,NA,1.53,NA,NA,"2",NA,NA,NA,0,0,0,NA,"Spot sample in time with no 'duration' at start of interval",""
1939,1943,36602,127,11,2021-08-22 10:45:00,2021-08-22 13:31:00,"22-08-2021 10:45","22-08-2021 10:45",2.77,2.77,0,49.8,48.5,50.6,47.8,NA,NA,NA,NA,NA,NA,NA,NA,0.108,0.00155,0.3,9.1,0.13,18.8,NA,NA,NA,NA,1.99,NA,NA,"2",NA,NA,NA,0,0,0,NA,"Spot sample in time with no 'duration' at start of interval",""
1939,1943,36603,128,12,2021-08-22 13:31:00,2021-08-22 16:00:00,"22-08-2021 13:31","22-08-2021 13:31",2.48,2.48,0,52.3,51.1,53,50.6,NA,NA,NA,NA,NA,NA,NA,NA,0.0805,0.00115,0.2,9.3,0.133,19.6,NA,NA,NA,NA,2.59,NA,NA,"2",NA,NA,NA,0,0,0,NA,"Spot sample in time with no 'duration' at start of interval",""
1939,1943,36604,129,13,2021-08-22 16:00:00,2021-08-22 18:30:00,"22-08-2021 16:00","22-08-2021 16:00",2.5,2.5,0,54.8,53.6,55.5,53,NA,NA,NA,NA,NA,NA,NA,NA,0.08,0.00114,0.2,9.5,0.136,19.4,NA,NA,NA,NA,2.88,NA,NA,"2",NA,NA,NA,0,0,0,NA,"Spot sample in time with no 'duration' at start of interval",""
1939,1943,36605,130,14,2021-08-22 18:30:00,2021-08-23 07:33:00,"22-08-2021 18:30","22-08-2021 18:30",13,13,0,67.9,61.4,68.6,55.5,NA,NA,NA,NA,NA,NA,NA,NA,0.0383,0.000547,0.5,10,0.143,11.1,NA,NA,NA,NA,0.558,NA,NA,"2",NA,NA,NA,0,0,0,NA,"Spot sample in time with no 'duration' at start of interval",""
1939,1943,36606,131,15,2021-08-23 07:33:00,2021-08-23 10:29:00,"23-08-2021 07:33","23-08-2021 07:33",2.93,2.93,0,70.8,69.4,71.5,68.6,NA,NA,NA,NA,NA,NA,NA,NA,0.0341,0.000487,0.1,10.1,0.144,12.6,NA,NA,NA,NA,1.13,NA,NA,"2",NA,NA,NA,0,0,0,NA,"Spot sample in time with no 'duration' at start of interval",""
1939,1943,36607,132,16,2021-08-23 10:29:00,2021-08-23 13:10:00,"23-08-2021 10:29","23-08-2021 10:29",2.68,2.68,0,73.5,72.2,74.2,71.5,NA,NA,NA,NA,NA,NA,NA,NA,0.0373,0.000532,0.1,10.2,0.146,18.8,NA,NA,NA,NA,1.01,NA,NA,"2",NA,NA,NA,0,0,0,NA,"Spot sample in time with no 'duration' at start of interval",""
1939,1943,36608,133,17,2021-08-23 13:10:00,2021-08-23 16:15:00,"23-08-2021 13:10","23-08-2021 13:10",3.08,3.08,0,76.6,75,77.3,74.2,NA,NA,NA,NA,NA,NA,NA,NA,0.0649,0.000927,0.2,10.4,0.149,21.2,NA,NA,NA,NA,1.17,NA,NA,"2",NA,NA,NA,0,0,0,NA,"Spot sample in time with no 'duration' at start of interval",""
1939,1943,36609,134,18,2021-08-23 16:15:00,2021-08-23 19:12:00,"23-08-2021 16:15","23-08-2021 16:15",2.95,2.95,0,79.5,78.1,80.2,77.3,NA,NA,NA,NA,NA,NA,NA,NA,0.0339,0.000484,0.1,10.5,0.15,20.9,NA,NA,NA,NA,1.86,NA,NA,"2",NA,NA,NA,0,0,0,NA,"Spot sample in time with no 'duration' at start of interval",""
1939,1943,36610,135,19,2021-08-23 19:12:00,2021-08-24 07:18:00,"23-08-2021 19:12","23-08-2021 19:12",12.1,12.1,0,91.6,85.6,92.3,80.2,NA,NA,NA,NA,NA,NA,NA,NA,0.0165,0.000236,0.2,10.7,0.153,12.4,NA,NA,NA,NA,0.56,NA,NA,"2",NA,NA,NA,0,0,0,NA,"Spot sample in time with no 'duration' at start of interval",""
1939,1943,36611,136,20,2021-08-24 07:18:00,2021-08-24 10:30:00,"24-08-2021 07:18","24-08-2021 07:18",3.2,3.2,0,94.8,93.2,95.5,92.3,NA,NA,NA,NA,NA,NA,NA,NA,0.0312,0.000446,0.1,10.8,0.154,12.6,NA,NA,NA,NA,0.892,NA,NA,"2",NA,NA,NA,0,0,0,NA,"Spot sample in time with no 'duration' at start of interval",""
1939,1943,36612,137,21,2021-08-24 10:30:00,2021-08-24 13:04:00,"24-08-2021 10:30","24-08-2021 10:30",2.57,2.57,0,97.4,96.1,98.1,95.5,NA,NA,NA,NA,NA,NA,NA,NA,0.039,0.000557,0.1,10.9,0.156,17.8,NA,NA,NA,NA,1.42,NA,NA,"2",NA,NA,NA,0,0,0,NA,"Spot sample in time with no 'duration' at start of interval",""
1939,1943,36613,138,22,2021-08-24 13:04:00,2021-08-24 16:37:00,"24-08-2021 13:04","24-08-2021 13:04",3.55,3.55,0,101,99.2,102,98.1,NA,NA,NA,NA,NA,NA,NA,NA,0.0563,0.000805,0.2,11.1,0.159,20.5,NA,NA,NA,NA,2.65,NA,NA,"2",NA,NA,NA,0,0,0,NA,"Spot sample in time with no 'duration' at start of interval",""
1939,1943,36614,139,23,2021-08-24 16:37:00,2021-08-24 18:53:00,"24-08-2021 16:37","24-08-2021 16:37",2.27,2.27,0,103,102,104,102,NA,NA,NA,NA,NA,NA,NA,NA,0,0,0,11.1,0.159,19.5,NA,NA,NA,NA,2.54,NA,NA,"2",NA,NA,NA,0,0,0,NA,"Spot sample in time with no 'duration' at start of interval",""
1939,1943,36615,140,24,2021-08-24 18:53:00,2021-08-25 07:19:00,"24-08-2021 18:53","24-08-2021 18:53",12.4,12.4,0,116,109,116,104,NA,NA,NA,NA,NA,NA,NA,NA,0.0161,0.00023,0.2,11.3,0.161,14.4,NA,NA,NA,NA,3.18,NA,NA,"2",NA,NA,NA,0,0,0,NA,"Spot sample in time with no 'duration' at start of interval",""
1939,1943,36616,141,25,2021-08-25 07:19:00,2021-08-25 13:26:00,"25-08-2021 07:19","25-08-2021 07:19",6.12,6.12,0,122,119,122,116,NA,NA,NA,NA,NA,NA,NA,NA,0,0,0,11.3,0.161,16.4,NA,NA,NA,NA,4.2,NA,NA,"2",NA,NA,NA,0,0,0,NA,"Spot sample in time with no 'duration' at start of interval",""
1939,1943,36617,142,26,2021-08-25 13:26:00,2021-08-25 16:27:00,"25-08-2021 13:26","25-08-2021 13:26",3.02,3.02,0,125,123,125,122,NA,NA,NA,NA,NA,NA,NA,NA,0,0,0,11.3,0.161,19,NA,NA,NA,NA,4.69,NA,NA,"2",NA,NA,NA,0,0,0,NA,"Spot sample in time with no 'duration' at start of interval",""
1939,1943,36618,143,27,2021-08-25 16:27:00,2021-08-25 18:54:00,"25-08-2021 16:27","25-08-2021 16:27",2.45,2.45,0,127,126,128,125,NA,NA,NA,NA,NA,NA,NA,NA,0,0,0,11.3,0.161,19.3,NA,NA,NA,NA,3.24,NA,NA,"2",NA,NA,NA,0,0,0,NA,"Spot sample in time with no 'duration' at start of interval",""
1939,1943,36619,144,28,2021-08-25 18:54:00,2021-08-26 07:25:00,"25-08-2021 18:54","25-08-2021 18:54",12.5,12.5,0,140,133,140,128,NA,NA,NA,NA,NA,NA,NA,NA,0,0,0,11.3,0.161,14,NA,NA,NA,NA,1.96,NA,NA,"2",NA,NA,NA,0,0,0,NA,"Spot sample in time with no 'duration' at start of interval",""
1939,1943,36620,145,29,2021-08-26 07:25:00,2021-08-26 11:09:00,"26-08-2021 07:25","26-08-2021 07:25",3.73,3.73,0,143,142,144,140,NA,NA,NA,NA,NA,NA,NA,NA,0.0268,0.000383,0.1,11.4,0.163,13.8,NA,NA,NA,NA,3.86,NA,NA,"2",NA,NA,NA,0,0,0,NA,"Spot sample in time with no 'duration' at start of interval",""
1939,1943,36621,146,30,2021-08-26 11:09:00,2021-08-26 18:45:00,"26-08-2021 11:09","26-08-2021 11:09",7.6,7.6,0,151,147,152,144,NA,NA,NA,NA,NA,NA,NA,NA,0.0263,0.000376,0.2,11.6,0.166,15.1,NA,NA,NA,NA,4.52,NA,NA,"2",NA,NA,NA,0,0,0,NA,"Spot sample in time with no 'duration' at start of interval",""
1939,1943,36622,147,31,2021-08-26 18:45:00,2021-08-27 07:25:00,"26-08-2021 18:45","26-08-2021 18:45",12.7,12.7,0,164,157,164,152,NA,NA,NA,NA,NA,NA,NA,NA,0,0,0,11.6,0.166,15.3,NA,NA,NA,NA,3.91,NA,NA,"2",NA,NA,NA,0,0,0,NA,"Spot sample in time with no 'duration' at start of interval",""
1939,1943,36623,148,32,2021-08-27 07:25:00,2021-08-27 17:34:00,"27-08-2021 07:25","27-08-2021 07:25",10.2,10.2,0,174,169,175,164,NA,NA,NA,NA,NA,NA,NA,NA,0,0,0,11.6,0.166,14.2,NA,NA,NA,NA,3.64,NA,NA,"2",NA,NA,NA,0,0,0,NA,"Spot sample in time with no 'duration' at start of interval",""
1939,1943,36624,149,33,2021-08-27 17:34:00,2021-08-28 08:07:00,"27-08-2021 17:34","27-08-2021 17:34",14.6,14.6,0,188,181,189,175,NA,NA,NA,NA,NA,NA,NA,NA,0,0,0,11.6,0.166,15.2,NA,NA,NA,NA,4.37,NA,NA,"2",NA,NA,NA,0,0,0,NA,"Spot sample in time with no 'duration' at start of interval",""
1939,1943,36625,150,34,2021-08-28 08:07:00,2021-08-28 13:53:00,"28-08-2021 08:07","28-08-2021 08:07",5.77,5.77,0,194,191,195,189,NA,NA,NA,NA,NA,NA,NA,NA,0,0,0,11.6,0.166,14.3,NA,NA,NA,NA,3.16,NA,NA,"2",NA,NA,NA,0,0,0,NA,"Spot sample in time with no 'duration' at start of interval",""
1939,1943,36626,151,35,2021-08-28 13:53:00,2021-08-29 08:08:00,"28-08-2021 13:53","28-08-2021 13:53",18.2,18.2,0,212,203,213,195,NA,NA,NA,NA,NA,NA,NA,NA,0,0,0,11.6,0.166,15.1,NA,NA,NA,NA,3.62,NA,NA,"2",NA,NA,NA,0,0,0,NA,"Spot sample in time with no 'duration' at start of interval",""
1940,1944,36627,171,1,2021-11-09 10:20:00,2021-11-09 11:29:00,"09/11/2021 10:20","09/11/2021 10:20",1.2,1.15,0.05,1.2,0.6,1.23,0.0833,NA,NA,NA,NA,NA,NA,NA,NA,0.217,0.0072,0.261,0.261,0.00864,8.61,NA,NA,NA,NA,2.37,NA,NA,"2",NA,NA,NA,0,0,0,NA,NA,""
1940,1944,36628,172,2,2021-11-09 11:29:00,2021-11-09 13:25:00,"09/11/2021 11:29","09/11/2021 11:29",1.9,1.93,-0.0333,3.1,2.15,3.17,1.23,NA,NA,NA,NA,NA,NA,NA,NA,0.314,0.0104,0.596,0.857,0.0284,9.73,NA,NA,NA,NA,2.94,NA,NA,"2",NA,NA,NA,0,0,0,NA,NA,""
1940,1944,36629,173,3,2021-11-09 13:25:00,2021-11-09 16:37:00,"09/11/2021 13:25","09/11/2021 13:25",3.2,3.2,0,6.3,4.7,6.37,3.17,NA,NA,NA,NA,NA,NA,NA,NA,0.185,0.00613,0.593,1.45,0.048,10.6,NA,NA,NA,NA,2.29,NA,NA,"2",NA,NA,NA,0,0,0,NA,NA,""
1940,1944,36630,174,4,2021-11-09 16:37:00,2021-11-10 09:17:00,"09/11/2021 16:37","09/11/2021 16:37",16.7,16.7,0.0333,23,14.6,23,6.37,NA,NA,NA,NA,NA,NA,NA,NA,0.0412,0.00136,0.688,2.14,0.0708,5.92,NA,NA,NA,NA,1.17,NA,NA,"2",NA,NA,NA,0,0,0,NA,NA,""
1940,1944,36631,175,5,2021-11-10 09:17:00,2021-11-10 16:22:00,"10/11/2021 09:17","10/11/2021 09:17",7.1,7.08,0.0167,30.1,26.6,30.1,23,NA,NA,NA,NA,NA,NA,NA,NA,0.0374,0.00124,0.265,2.4,0.0796,8.53,NA,NA,NA,NA,1.13,NA,NA,"2",NA,NA,NA,0,0,0,NA,NA,""
1940,1944,36632,176,6,2021-11-10 16:22:00,2021-11-11 09:44:00,"10/11/2021 16:22","10/11/2021 16:22",17.4,17.4,0.0333,47.5,38.8,47.5,30.1,NA,NA,NA,NA,NA,NA,NA,NA,0.0207,0.000684,0.359,2.76,0.0915,7.13,NA,NA,NA,NA,1.09,NA,NA,"2",NA,NA,NA,0,0,0,NA,NA,""
1940,1944,36633,177,7,2021-11-11 09:44:00,2021-11-12 08:55:00,"11/11/2021 09:44","11/11/2021 09:44",23.2,23.2,0.0167,70.7,59.1,70.7,47.5,NA,NA,NA,NA,NA,NA,NA,NA,0.0311,0.00103,0.721,3.48,0.115,7.64,NA,NA,NA,NA,1.65,NA,NA,"2",NA,NA,NA,0,0,0,NA,NA,""
1940,1944,36634,178,8,2021-11-12 08:55:00,2021-11-13 10:46:00,"12/11/2021 08:55","12/11/2021 08:55",25.9,25.8,0.05,96.6,83.6,96.5,70.7,NA,NA,NA,NA,NA,NA,NA,NA,0.0391,0.00129,1.01,4.49,0.149,7.76,NA,NA,NA,NA,2.77,NA,NA,"2",NA,NA,NA,0,0,0,NA,NA,""
1941,1945,36635,162,1,2021-11-09 10:20:00,2021-11-09 11:29:00,"09/11/2021 10:20","09/11/2021 10:20",1.2,1.15,0.05,1.2,0.6,1.23,0.0833,NA,6.01,"mg NH3 /m3",NA,NA,NA,NA,NA,0.184,0.0061,0.221,0.221,0.00732,8.61,NA,NA,NA,NA,2.37,NA,NA,"2",NA,NA,NA,0,0,0,NA,NA,""
1941,1945,36636,163,2,2021-11-09 11:29:00,2021-11-09 13:25:00,"09/11/2021 11:29","09/11/2021 11:29",1.9,1.93,-0.0333,3.1,2.15,3.17,1.23,NA,4.5,"mg NH3 /m3",NA,NA,NA,NA,NA,0.211,0.00698,0.401,0.622,0.0206,9.73,NA,NA,NA,NA,2.94,NA,NA,"2",NA,NA,NA,0,0,0,NA,NA,""
1941,1945,36637,164,3,2021-11-09 13:25:00,2021-11-09 16:37:00,"09/11/2021 13:25","09/11/2021 13:25",3.2,3.2,0,6.3,4.7,6.37,3.17,NA,4.25,"mg NH3 /m3",NA,NA,NA,NA,NA,0.13,0.0043,0.416,1.04,0.0343,10.6,NA,NA,NA,NA,2.29,NA,NA,"2",NA,NA,NA,0,0,0,NA,NA,""
1941,1945,36638,165,4,2021-11-09 16:37:00,2021-11-10 09:17:00,"09/11/2021 16:37","09/11/2021 16:37",16.7,16.7,0.0333,23,14.6,23,6.37,NA,9.32,"mg NH3 /m3",NA,NA,NA,NA,NA,0.0669,0.00221,1.12,2.15,0.0713,5.92,NA,NA,NA,NA,1.17,NA,NA,"2",NA,NA,NA,0,0,0,NA,NA,""
1941,1945,36639,166,5,2021-11-10 09:17:00,2021-11-10 16:22:00,"10/11/2021 09:17","10/11/2021 09:17",7.1,7.08,0.0167,30.1,26.6,30.1,23,NA,7.99,"mg NH3 /m3",NA,NA,NA,NA,NA,0.0344,0.00114,0.244,2.4,0.0794,8.53,NA,NA,NA,NA,1.13,NA,NA,"2",NA,NA,NA,0,0,0,NA,NA,""
1941,1945,36640,167,6,2021-11-10 16:22:00,2021-11-11 09:44:00,"10/11/2021 16:22","10/11/2021 16:22",17.4,17.4,0.0333,47.5,38.8,47.5,30.1,NA,11.4,"mg NH3 /m3",NA,NA,NA,NA,NA,0.024,0.000794,0.417,2.82,0.0932,7.13,NA,NA,NA,NA,1.09,NA,NA,"2",NA,NA,NA,0,0,0,NA,NA,""
1941,1945,36641,168,7,2021-11-11 09:44:00,2021-11-12 08:55:00,"11/11/2021 09:44","11/11/2021 09:44",23.2,23.2,0.0167,70.7,59.1,70.7,47.5,NA,10.6,"mg NH3 /m3",NA,NA,NA,NA,NA,0.0207,0.000686,0.48,3.3,0.109,7.64,NA,NA,NA,NA,1.65,NA,NA,"2",NA,NA,NA,0,0,0,NA,NA,""
1941,1945,36642,169,8,2021-11-12 08:55:00,2021-11-13 10:46:00,"12/11/2021 08:55","12/11/2021 08:55",25.9,25.8,0.05,96.6,83.6,96.5,70.7,NA,5.29,"mg NH3 /m3",NA,NA,NA,NA,NA,0.0177,0.000586,0.458,3.75,0.124,7.76,NA,NA,NA,NA,2.77,NA,NA,"2",NA,NA,NA,0,0,0,NA,NA,""
1942,1946,36643,153,1,2021-11-09 10:20:00,2021-11-09 11:29:00,"09/11/2021 10:20","09/11/2021 10:20",1.2,1.15,0.05,1.2,0.6,1.23,0.0833,NA,29.8,"mg NH3 /m3",NA,NA,NA,NA,NA,0.163,0.00539,0.195,0.195,0.00646,8.61,NA,NA,NA,NA,2.37,NA,NA,"2",NA,NA,NA,0,0,0,NA,NA,""
1942,1946,36644,154,2,2021-11-09 11:29:00,2021-11-09 13:25:00,"09/11/2021 11:29","09/11/2021 11:29",1.9,1.93,-0.0333,3.1,2.15,3.17,1.23,NA,30.2,"mg NH3 /m3",NA,NA,NA,NA,NA,0.272,0.00901,0.517,0.712,0.0236,9.73,NA,NA,NA,NA,2.94,NA,NA,"2",NA,NA,NA,0,0,0,NA,NA,""
1942,1946,36645,155,3,2021-11-09 13:25:00,2021-11-09 16:37:00,"09/11/2021 13:25","09/11/2021 13:25",3.2,3.2,0,6.3,4.7,6.37,3.17,NA,9.9,"mg NH3 /m3",NA,NA,NA,NA,NA,0.168,0.00557,0.538,1.25,0.0414,10.6,NA,NA,NA,NA,2.29,NA,NA,"2",NA,NA,NA,0,0,0,NA,NA,""
1942,1946,36646,156,4,2021-11-09 16:37:00,2021-11-10 09:17:00,"09/11/2021 16:37","09/11/2021 16:37",16.7,16.7,0.0333,23,14.6,23,6.37,NA,10.9,"mg NH3 /m3",NA,NA,NA,NA,NA,0.0205,0.000679,0.343,1.59,0.0527,5.92,NA,NA,NA,NA,1.17,NA,NA,"2",NA,NA,NA,0,0,0,NA,NA,""
1942,1946,36647,157,5,2021-11-10 09:17:00,2021-11-10 16:22:00,"10/11/2021 09:17","10/11/2021 09:17",7.1,7.08,0.0167,30.1,26.6,30.1,23,NA,9.53,"mg NH3 /m3",NA,NA,NA,NA,NA,0.0284,0.000942,0.202,1.8,0.0594,8.53,NA,NA,NA,NA,1.13,NA,NA,"2",NA,NA,NA,0,0,0,NA,NA,""
1942,1946,36648,158,6,2021-11-10 16:22:00,2021-11-11 09:44:00,"10/11/2021 16:22","10/11/2021 16:22",17.4,17.4,0.0333,47.5,38.8,47.5,30.1,NA,13,"mg NH3 /m3",NA,NA,NA,NA,NA,0.00756,0.00025,0.132,1.93,0.0638,7.13,NA,NA,NA,NA,1.09,NA,NA,"2",NA,NA,NA,0,0,0,NA,NA,""
1942,1946,36649,159,7,2021-11-11 09:44:00,2021-11-12 08:55:00,"11/11/2021 09:44","11/11/2021 09:44",23.2,23.2,0.0167,70.7,59.1,70.7,47.5,NA,16.3,"mg NH3 /m3",NA,NA,NA,NA,NA,0.0212,0.000703,0.493,2.42,0.0801,7.64,NA,NA,NA,NA,1.65,NA,NA,"2",NA,NA,NA,0,0,0,NA,NA,""
1942,1946,36650,160,8,2021-11-12 08:55:00,2021-11-13 10:46:00,"12/11/2021 08:55","12/11/2021 08:55",25.9,25.8,0.05,96.6,83.6,96.5,70.7,NA,13.2,"mg NH3 /m3",NA,NA,NA,NA,NA,0.0212,0.000703,0.55,2.97,0.0983,7.76,NA,NA,NA,NA,2.77,NA,NA,"2",NA,NA,NA,0,0,0,NA,NA,"m i"
2240,2244,56658,180,1,2021-11-09 10:20:00,2021-11-09 11:19:00,"09/11/2021 10:20","09/11/2021 10:20",0.983,0.983,0,0.983,0.492,1.07,0.0833,NA,NA,NA,NA,NA,NA,NA,NA,0.0933,0.00309,0.0917,0.0917,0.00304,NA,NA,NA,NA,NA,NA,NA,NA,NA,NA,NA,NA,0,0,0,NA,NA,""
2240,2244,56659,181,2,2021-11-09 11:19:00,2021-11-09 13:20:00,"09/11/2021 11:19","09/11/2021 11:19",2.02,2.02,0,3,1.99,3.08,1.07,NA,NA,NA,NA,NA,NA,NA,NA,0.14,0.00463,0.282,0.374,0.0124,NA,NA,NA,NA,NA,NA,NA,NA,NA,NA,NA,NA,0,0,0,NA,NA,""
2240,2244,56660,182,3,2021-11-09 13:20:00,2021-11-09 16:20:00,"09/11/2021 13:20","09/11/2021 13:20",3,3,0,6,4.5,6.08,3.08,NA,NA,NA,NA,NA,NA,NA,NA,0.14,0.00463,0.42,0.794,0.0263,NA,NA,NA,NA,NA,NA,NA,NA,NA,NA,NA,NA,0,0,0,NA,NA,""
2240,2244,56661,183,4,2021-11-09 16:20:00,2021-11-10 08:47:00,"09/11/2021 16:20","09/11/2021 16:20",16.4,16.4,0,22.4,14.2,22.5,6.08,NA,NA,NA,NA,NA,NA,NA,NA,0.0768,0.00254,1.26,2.06,0.0681,NA,NA,NA,NA,NA,NA,NA,NA,NA,NA,NA,NA,0,0,0,NA,NA,""
2240,2244,56662,184,5,2021-11-10 08:47:00,2021-11-10 16:21:00,"10/11/2021 8:47","10/11/2021 8:47",7.57,7.57,0,30,26.2,30.1,22.5,NA,NA,NA,NA,NA,NA,NA,NA,0.0426,0.00141,0.323,2.38,0.0788,NA,NA,NA,NA,NA,NA,NA,NA,NA,NA,NA,NA,0,0,0,NA,NA,""
2240,2244,56663,185,6,2021-11-10 16:21:00,2021-11-11 08:47:00,"10/11/2021 16:21","10/11/2021 16:21",16.4,16.4,0,46.4,38.2,46.5,30.1,NA,NA,NA,NA,NA,NA,NA,NA,0.0355,0.00117,0.583,2.96,0.0981,NA,NA,NA,NA,NA,NA,NA,NA,NA,NA,NA,NA,0,0,0,NA,NA,""
2240,2244,56664,186,7,2021-11-11 08:47:00,2021-11-12 08:47:00,"11/11/2021 8:47","11/11/2021 8:47",24,24,0,70.4,58.4,70.5,46.5,NA,NA,NA,NA,NA,NA,NA,NA,0.0235,0.000777,0.563,3.53,0.117,NA,NA,NA,NA,NA,NA,NA,NA,NA,NA,NA,NA,0,0,0,NA,NA,""
2240,2244,56665,187,8,2021-11-12 08:47:00,2021-11-13 08:57:00,"12/11/2021 8:47","12/11/2021 8:47",24.2,24.2,0,94.6,82.5,94.7,70.5,NA,NA,NA,NA,NA,NA,NA,NA,0.0147,0.000485,0.354,3.88,0.128,NA,NA,NA,NA,NA,NA,NA,NA,NA,NA,NA,NA,0,0,0,NA,NA,""
2240,2244,56666,188,9,2021-11-13 08:57:00,2021-11-14 08:51:00,"13/11/2021 8:57","13/11/2021 8:57",23.9,23.9,0,119,107,119,94.7,NA,NA,NA,NA,NA,NA,NA,NA,0.0137,0.000454,0.327,4.21,0.139,NA,NA,NA,NA,NA,NA,NA,NA,NA,NA,NA,NA,0,0,0,NA,NA,""
2240,2244,56667,189,10,2021-11-14 08:51:00,2021-11-15 08:47:00,"14/11/2021 8:51","14/11/2021 8:51",23.9,23.9,0,142,130,143,119,NA,NA,NA,NA,NA,NA,NA,NA,0.0127,0.00042,0.304,4.51,0.149,NA,NA,NA,NA,NA,NA,NA,NA,NA,NA,NA,NA,0,0,0,NA,NA,""
2240,2244,56668,190,11,2021-11-15 08:47:00,2021-11-16 08:47:00,"15/11/2021 8:47","15/11/2021 8:47",24,24,0,166,154,167,143,NA,NA,NA,NA,NA,NA,NA,NA,0.00972,0.000322,0.233,4.74,0.157,NA,NA,NA,NA,NA,NA,NA,NA,NA,NA,NA,NA,0,0,0,NA,NA,""
2241,2245,56669,192,1,2021-11-09 10:20:00,2021-11-09 11:19:00,"09/11/2021 10:20","09/11/2021 10:20",0.983,0.983,0,0.983,0.492,1.07,0.0833,NA,NA,NA,NA,NA,NA,NA,NA,0.104,0.00345,0.102,0.102,0.00339,NA,NA,NA,NA,NA,NA,NA,NA,NA,NA,NA,NA,0,0,0,NA,NA,""
2241,2245,56670,193,2,2021-11-09 11:19:00,2021-11-09 13:20:00,"09/11/2021 11:19","09/11/2021 11:19",2.02,2.02,0,3,1.99,3.08,1.07,NA,NA,NA,NA,NA,NA,NA,NA,0.156,0.00517,0.315,0.417,0.0138,NA,NA,NA,NA,NA,NA,NA,NA,NA,NA,NA,NA,0,0,0,NA,NA,""
2241,2245,56671,194,3,2021-11-09 13:20:00,2021-11-09 16:20:00,"09/11/2021 13:20","09/11/2021 13:20",3,3,0,6,4.5,6.08,3.08,NA,NA,NA,NA,NA,NA,NA,NA,0.161,0.00533,0.483,0.9,0.0298,NA,NA,NA,NA,NA,NA,NA,NA,NA,NA,NA,NA,0,0,0,NA,NA,""
2241,2245,56672,195,4,2021-11-09 16:20:00,2021-11-10 08:47:00,"09/11/2021 16:20","09/11/2021 16:20",16.4,16.4,0,22.4,14.2,22.5,6.08,NA,NA,NA,NA,NA,NA,NA,NA,0.0937,0.0031,1.54,2.44,0.0809,NA,NA,NA,NA,NA,NA,NA,NA,NA,NA,NA,NA,0,0,0,NA,NA,""
2241,2245,56673,196,5,2021-11-10 08:47:00,2021-11-10 16:21:00,"10/11/2021 8:47","10/11/2021 8:47",7.57,7.57,0,30,26.2,30.1,22.5,NA,NA,NA,NA,NA,NA,NA,NA,0.0514,0.0017,0.389,2.83,0.0937,NA,NA,NA,NA,NA,NA,NA,NA,NA,NA,NA,NA,0,0,0,NA,NA,""
2241,2245,56674,197,6,2021-11-10 16:21:00,2021-11-11 08:47:00,"10/11/2021 16:21","10/11/2021 16:21",16.4,16.4,0,46.4,38.2,46.5,30.1,NA,NA,NA,NA,NA,NA,NA,NA,0.0355,0.00118,0.584,3.41,0.113,NA,NA,NA,NA,NA,NA,NA,NA,NA,NA,NA,NA,0,0,0,NA,NA,""
2241,2245,56675,198,7,2021-11-11 08:47:00,2021-11-12 08:47:00,"11/11/2021 8:47","11/11/2021 8:47",24,24,0,70.4,58.4,70.5,46.5,NA,NA,NA,NA,NA,NA,NA,NA,0.0222,0.000735,0.533,3.95,0.131,NA,NA,NA,NA,NA,NA,NA,NA,NA,NA,NA,NA,0,0,0,NA,NA,""
2241,2245,56676,199,8,2021-11-12 08:47:00,2021-11-13 08:57:00,"12/11/2021 8:47","12/11/2021 8:47",24.2,24.2,0,94.6,82.5,94.7,70.5,NA,NA,NA,NA,NA,NA,NA,NA,0.0141,0.000465,0.34,4.29,0.142,NA,NA,NA,NA,NA,NA,NA,NA,NA,NA,NA,NA,0,0,0,NA,NA,""
2241,2245,56677,200,9,2021-11-13 08:57:00,2021-11-14 08:51:00,"13/11/2021 8:57","13/11/2021 8:57",23.9,23.9,0,119,107,119,94.7,NA,NA,NA,NA,NA,NA,NA,NA,0.0133,0.000441,0.318,4.61,0.152,NA,NA,NA,NA,NA,NA,NA,NA,NA,NA,NA,NA,0,0,0,NA,NA,""
2241,2245,56678,201,10,2021-11-14 08:51:00,2021-11-15 08:47:00,"14/11/2021 8:51","14/11/2021 8:51",23.9,23.9,0,142,130,143,119,NA,NA,NA,NA,NA,NA,NA,NA,0.0125,0.000415,0.3,4.91,0.162,NA,NA,NA,NA,NA,NA,NA,NA,NA,NA,NA,NA,0,0,0,NA,NA,""
2241,2245,56679,202,11,2021-11-15 08:47:00,2021-11-16 08:47:00,"15/11/2021 8:47","15/11/2021 8:47",24,24,0,166,154,167,143,NA,NA,NA,NA,NA,NA,NA,NA,0.00938,0.000311,0.225,5.13,0.17,NA,NA,NA,NA,NA,NA,NA,NA,NA,NA,NA,NA,0,0,0,NA,NA,""
2242,2246,56680,204,1,2021-11-09 10:20:00,2021-11-09 11:19:00,"09/11/2021 10:20","09/11/2021 10:20",0.983,0.983,0,0.983,0.492,1.07,0.0833,NA,NA,NA,NA,NA,NA,NA,NA,0.0954,0.00316,0.0938,0.0938,0.0031,NA,NA,NA,NA,NA,NA,NA,NA,NA,NA,NA,NA,0,0,0,NA,NA,""
2242,2246,56681,205,2,2021-11-09 11:19:00,2021-11-09 13:20:00,"09/11/2021 11:19","09/11/2021 11:19",2.02,2.02,0,3,1.99,3.08,1.07,NA,NA,NA,NA,NA,NA,NA,NA,0.13,0.0043,0.262,0.356,0.0118,NA,NA,NA,NA,NA,NA,NA,NA,NA,NA,NA,NA,0,0,0,NA,NA,""
2242,2246,56682,206,3,2021-11-09 13:20:00,2021-11-09 16:20:00,"09/11/2021 13:20","09/11/2021 13:20",3,3,0,6,4.5,6.08,3.08,NA,NA,NA,NA,NA,NA,NA,NA,0.132,0.00438,0.397,0.752,0.0249,NA,NA,NA,NA,NA,NA,NA,NA,NA,NA,NA,NA,0,0,0,NA,NA,""
2242,2246,56683,207,4,2021-11-09 16:20:00,2021-11-10 08:47:00,"09/11/2021 16:20","09/11/2021 16:20",16.4,16.4,0,22.4,14.2,22.5,6.08,NA,NA,NA,NA,NA,NA,NA,NA,0.0894,0.00296,1.47,2.22,0.0736,NA,NA,NA,NA,NA,NA,NA,NA,NA,NA,NA,NA,0,0,0,NA,NA,""
2242,2246,56684,208,5,2021-11-10 08:47:00,2021-11-10 16:21:00,"10/11/2021 8:47","10/11/2021 8:47",7.57,7.57,0,30,26.2,30.1,22.5,NA,NA,NA,NA,NA,NA,NA,NA,0.051,0.00169,0.386,2.61,0.0864,NA,NA,NA,NA,NA,NA,NA,NA,NA,NA,NA,NA,0,0,0,NA,NA,""
2242,2246,56685,209,6,2021-11-10 16:21:00,2021-11-11 08:47:00,"10/11/2021 16:21","10/11/2021 16:21",16.4,16.4,0,46.4,38.2,46.5,30.1,NA,NA,NA,NA,NA,NA,NA,NA,0.036,0.00119,0.591,3.2,0.106,NA,NA,NA,NA,NA,NA,NA,NA,NA,NA,NA,NA,0,0,0,NA,NA,""
2242,2246,56686,210,7,2021-11-11 08:47:00,2021-11-12 08:47:00,"11/11/2021 8:47","11/11/2021 8:47",24,24,0,70.4,58.4,70.5,46.5,NA,NA,NA,NA,NA,NA,NA,NA,0.0234,0.000773,0.561,3.76,0.125,NA,NA,NA,NA,NA,NA,NA,NA,NA,NA,NA,NA,0,0,0,NA,NA,""
2242,2246,56687,211,8,2021-11-12 08:47:00,2021-11-13 08:57:00,"12/11/2021 8:47","12/11/2021 8:47",24.2,24.2,0,94.6,82.5,94.7,70.5,NA,NA,NA,NA,NA,NA,NA,NA,0.0144,0.000475,0.347,4.11,0.136,NA,NA,NA,NA,NA,NA,NA,NA,NA,NA,NA,NA,0,0,0,NA,NA,""
2242,2246,56688,212,9,2021-11-13 08:57:00,2021-11-14 08:51:00,"13/11/2021 8:57","13/11/2021 8:57",23.9,23.9,0,119,107,119,94.7,NA,NA,NA,NA,NA,NA,NA,NA,0.0141,0.000466,0.337,4.44,0.147,NA,NA,NA,NA,NA,NA,NA,NA,NA,NA,NA,NA,0,0,0,NA,NA,""
2242,2246,56689,213,10,2021-11-14 08:51:00,2021-11-15 08:47:00,"14/11/2021 8:51","14/11/2021 8:51",23.9,23.9,0,142,130,143,119,NA,NA,NA,NA,NA,NA,NA,NA,0.013,0.000431,0.311,4.76,0.157,NA,NA,NA,NA,NA,NA,NA,NA,NA,NA,NA,NA,0,0,0,NA,NA,""
2242,2246,56690,214,11,2021-11-15 08:47:00,2021-11-16 08:47:00,"15/11/2021 8:47","15/11/2021 8:47",24,24,0,166,154,167,143,NA,NA,NA,NA,NA,NA,NA,NA,0.00964,0.000319,0.231,4.99,0.165,NA,NA,NA,NA,NA,NA,NA,NA,NA,NA,NA,NA,0,0,0,NA,NA,""
2243,2247,56691,216,1,2021-11-09 10:20:00,2021-11-09 11:19:00,"09/11/2021 10:20","09/11/2021 10:20",0.983,0.983,0,0.983,0.492,1.07,0.0833,NA,NA,NA,NA,NA,NA,NA,NA,0.209,0.00691,0.205,0.205,0.0068,NA,NA,NA,NA,NA,NA,NA,NA,NA,NA,NA,NA,0,0,0,NA,NA,""
2243,2247,56692,217,2,2021-11-09 11:19:00,2021-11-09 13:20:00,"09/11/2021 11:19","09/11/2021 11:19",2.02,2.02,0,3,1.99,3.08,1.07,NA,NA,NA,NA,NA,NA,NA,NA,0.246,0.00813,0.495,0.7,0.0232,NA,NA,NA,NA,NA,NA,NA,NA,NA,NA,NA,NA,0,0,0,NA,NA,""
2243,2247,56693,218,3,2021-11-09 13:20:00,2021-11-09 16:20:00,"09/11/2021 13:20","09/11/2021 13:20",3,3,0,6,4.5,6.08,3.08,NA,NA,NA,NA,NA,NA,NA,NA,0.23,0.00761,0.69,1.39,0.046,NA,NA,NA,NA,NA,NA,NA,NA,NA,NA,NA,NA,0,0,0,NA,NA,""
2243,2247,56694,219,4,2021-11-09 16:20:00,2021-11-10 08:47:00,"09/11/2021 16:20","09/11/2021 16:20",16.4,16.4,0,22.4,14.2,22.5,6.08,NA,NA,NA,NA,NA,NA,NA,NA,0.122,0.00405,2.01,3.4,0.113,NA,NA,NA,NA,NA,NA,NA,NA,NA,NA,NA,NA,0,0,0,NA,NA,""
2243,2247,56695,220,5,2021-11-10 08:47:00,2021-11-10 16:21:00,"10/11/2021 8:47","10/11/2021 8:47",7.57,7.57,0,30,26.2,30.1,22.5,NA,NA,NA,NA,NA,NA,NA,NA,0.0678,0.00225,0.513,3.92,0.13,NA,NA,NA,NA,NA,NA,NA,NA,NA,NA,NA,NA,0,0,0,NA,NA,""
2243,2247,56696,221,6,2021-11-10 16:21:00,2021-11-11 08:47:00,"10/11/2021 16:21","10/11/2021 16:21",16.4,16.4,0,46.4,38.2,46.5,30.1,NA,NA,NA,NA,NA,NA,NA,NA,0.0451,0.00149,0.742,4.66,0.154,NA,NA,NA,NA,NA,NA,NA,NA,NA,NA,NA,NA,0,0,0,NA,NA,""
2243,2247,56697,222,7,2021-11-11 08:47:00,2021-11-12 08:47:00,"11/11/2021 8:47","11/11/2021 8:47",24,24,0,70.4,58.4,70.5,46.5,NA,NA,NA,NA,NA,NA,NA,NA,0.0274,0.000907,0.658,5.32,0.176,NA,NA,NA,NA,NA,NA,NA,NA,NA,NA,NA,NA,0,0,0,NA,NA,""
2243,2247,56698,223,8,2021-11-12 08:47:00,2021-11-13 08:57:00,"12/11/2021 8:47","12/11/2021 8:47",24.2,24.2,0,94.6,82.5,94.7,70.5,NA,NA,NA,NA,NA,NA,NA,NA,0.0172,0.000569,0.415,5.73,0.19,NA,NA,NA,NA,NA,NA,NA,NA,NA,NA,NA,NA,0,0,0,NA,NA,""
2243,2247,56699,224,9,2021-11-13 08:57:00,2021-11-14 08:51:00,"13/11/2021 8:57","13/11/2021 8:57",23.9,23.9,0,119,107,119,94.7,NA,NA,NA,NA,NA,NA,NA,NA,0.0161,0.000534,0.386,6.12,0.203,NA,NA,NA,NA,NA,NA,NA,NA,NA,NA,NA,NA,0,0,0,NA,NA,""
2243,2247,56700,225,10,2021-11-14 08:51:00,2021-11-15 08:47:00,"14/11/2021 8:51","14/11/2021 8:51",23.9,23.9,0,142,130,143,119,NA,NA,NA,NA,NA,NA,NA,NA,0.0145,0.000481,0.348,6.46,0.214,NA,NA,NA,NA,NA,NA,NA,NA,NA,NA,NA,NA,0,0,0,NA,NA,""
2243,2247,56701,226,11,2021-11-15 08:47:00,2021-11-16 08:47:00,"15/11/2021 8:47","15/11/2021 8:47",24,24,0,166,154,167,143,NA,NA,NA,NA,NA,NA,NA,NA,0.0108,0.000359,0.26,6.72,0.223,NA,NA,NA,NA,NA,NA,NA,NA,NA,NA,NA,NA,0,0,0,NA,NA,""
