project,experiment,field,plot_code,replicate,size,lat,long,country,topo,samp_depth,clay,slit,sand,org,soil_type,soil_water_g,soil_water_v,soil_moist,soil_pH,soil_dens,crop_res,till_before,source,source_det,bedding,consist,man_treatment,man_treat2,man_treat3,stor_days,man_DM,man_VS,man_TN,man_TAN,man_TIC,man_UA,man_VFA,man_pH,app_start,app_end,app_method,app_rate,app_unit,incorp,incorp_time,man_area,inj_dist,fur_depth,fur_width,crop,crop_height
G1989-13,G1989-13,1-Hardenberg,001,"",,"","",NL,"","","","","","",sand,"",,"","","","","",dairy,"","","",None,"","","",11.2,"","",3.18,"","","",,"","",Broadcast,17.2,t/ha,None,"","","","","",grass,6
G1989-13,G1989-13,3-Hardenberg,003,"",,"","",NL,"","","","","","",sand,"",,"","","","","",dairy,"","","",None,"","","",11.3,"","",3.28,"","","",,"","",Open slot injection,26.8,t/ha,None,"","","","","",grass,6
G1989-15,G1989-15,4-Hardenberg,004,"",,"","",NL,"","","","","","",sand,"",,"","","","","",pig,"","","",None,"","","",11.9,"","",6,"","","",7.1,"","",Broadcast,10,t/ha,None,"","","","","",grass,6
G1989-15,G1989-15,6-Hardenberg,006,"",,"","",NL,"","","","","","",sand,"",,"","","","","",pig,"","","",None,"","","",11,"","",5.82,"","","",7.1,"","",Open slot injection,26,t/ha,None,"","","","","",grass,5.82
G1989-27,G1989-27,8-Swifterbant,008,"",,"","",NL,"","","","","","",clay,"",,"","","","","",dairy,"","","",None,"","","",9.3,"","",2.76,"","","",7.3,"","",Open slot injection,14,t/ha,None,"","","","","",grass,6
G1989-28,G1989-28,9-Swifterbant,009,"",,"","",NL,"","","","","","",clay,"",,"","","","","",pig,"","","",None,"","","",10.6,"","",5.38,"","","",7.8,"","",Broadcast,12.7,t/ha,None,"","","","","",grass,6
G1989-28,G1989-28,11-Swifterbant,011,"",,"","",NL,"","","","","","",clay,"",,"","","","","",pig,"","","",None,"","","",10.5,"","",5.34,"","","",7.8,"","",Open slot injection,15.4,t/ha,None,"","","","","",grass,6
G1990-11,G1990-11,18-Duiven,018,"",,"","",NL,"","","","","","",clay,"",37,"","","","","",dairy,"","","",None,"","","",8.54,"","",3.28,"","","",7.6,"","",Broadcast,16.3,t/ha,None,"","","","","",grass,
G1990-11,G1990-11,19-Duiven,019,"",,"","",NL,"","","","","","",clay,"",37,"","","","","",dairy,"","","",None,"","","",8.54,"","",3.28,"","","",7.6,"","",Broadcast,12.5,t/ha,None,"","","","","",grass,
G1990-12,G1990-12,20-Duiven,020,"",,"","",NL,"","","","","","",clay,"",40,"","","","","",dairy,"","","",None,"","","",8.83,"","",2.23,"","","",7.1,"","",Broadcast,19.7,t/ha,None,"","","","","",grass,10
G1990-12,G1990-12,21-Duiven,021,"",,"","",NL,"","","","","","",clay,"",40,"","","","","",dairy,"","","",None,"","","",8.83,"","",2.23,"","","",7.1,"","",Trailing hose,19,t/ha,None,"","","","","",grass,10
G1990-12,G1990-12,22-Duiven,022,"",,"","",NL,"","","","","","",clay,"",45,"","","","","",dairy,"","","",None,"","","",8.83,"","",2.2,"","","",7.1,"","",Trailing hose,6.6,t/ha,None,"","","","","",grass,10
G1990-12,G1990-12,23-Duiven,023,"",,"","",NL,"","","","","","",clay,"",40,"","","","","",dairy,"","","",None,"","","",8.83,"","",2.23,"","","",7.1,"","",Open slot injection,16.8,t/ha,None,"","","","","",grass,10
G1990-17,G1990-17,111-Zegveld,111,"",,"","",NL,"","","","","","",peat,"",61,"","","","","",dairy,"","","",None,"","","",7.31,"","",2.2,"","","",7.5,"","",Broadcast,10.2,t/ha,None,"","","","","",grass,10
G1990-17,G1990-17,112-Zegveld,112,"",,"","",NL,"","","","","","",peat,"",61,"","","","","",dairy,"","","",None,"","","",7.31,"","",2.2,"","","",7.5,"","",Open slot injection,17.8,t/ha,None,"","","","","",grass,6
G1990-18,G1990-18,24-Zegveld,024,"",,"","",NL,"","","","","","",peat,"",50,"","","","","",dairy,"","","",None,"","","",7.03,"","",2.8,"","","",7.4,"","",Broadcast,8.7,t/ha,None,"","","","","",grass,8
G1990-20,G1990-20,26-Duiven,026,"",,"","",NL,"","","","","","",clay,"",35,"","","","","",dairy,"","","",None,"","","",8.34,"","",2.22,"","","",7.4,"","",Open slot injection,18.8,t/ha,None,"","","","","",grass,8
G1990-20,G1990-20,27-Duiven,027,"",,"","",NL,"","","","","","",clay,"",40,"","","","","",dairy,"","","",None,"","","",8.34,"","",2.22,"","","",7.4,"","",Trailing hose,8.4,t/ha,None,"","","","","",grass,8
G1990-20,G1990-20,28-Duiven,028,"",,"","",NL,"","","","","","",clay,"",35,"","","","","",dairy,"","","",None,"","","",8.34,"","",2.22,"","","",7.4,"","",Broadcast,16.1,t/ha,None,"","","","","",grass,8
G1990-20,G1990-20,29-Duiven,029,"",,"","",NL,"","","","","","",clay,"",35,"","","","","",dairy,"","","",None,"","","",8.34,"","",2.22,"","","",7.4,"","",Trailing hose,17.3,t/ha,None,"","","","","",grass,8
G1990-22,G1990-22,113-Zegveld,113,"",,"","",NL,"","","","","","",peat,"",42,"","","","","",dairy,"","","",None,"","","",8.27,"","",2.3,"","","",7.1,"","",Broadcast,9.8,t/ha,None,"","","","","",grass,10
G1990-22,G1990-22,114-Zegveld,114,"",,"","",NL,"","","","","","",peat,"",42,"","","","","",dairy,"","","",None,"","","",8.27,"","",2.3,"","","",7.1,"","",Open slot injection,18.2,t/ha,None,"","","","","",grass,10
G1990-23,G1990-23,30-Duiven,030,"",,"","",NL,"","","","","","",clay,"",28,"","","","","",pig,"","","",None,"","","",11.3,"","",6.31,"","","",8,"","",Trailing hose,7.9,t/ha,None,"","","","","",grass,8
G1990-23,G1990-23,31-Duiven,031,"",,"","",NL,"","","","","","",clay,"",28,"","","","","",pig,"","","",None,"","","",11.3,"","",6.31,"","","",8,"","",Trailing hose,14.9,t/ha,None,"","","","","",grass,8
G1990-23,G1990-23,32-Duiven,032,"",,"","",NL,"","","","","","",clay,"",28,"","","","","",pig,"","","",None,"","","",11.3,"","",6.31,"","","",8,"","",Broadcast,17.5,t/ha,None,"","","","","",grass,8
G1990-23,G1990-23,33-Duiven,033,"",,"","",NL,"","","","","","",clay,"",28,"","","","","",pig,"","","",None,"","","",11.3,"","",6.31,"","","",8,"","",Open slot injection,17.3,t/ha,None,"","","","","",grass,8
G1990-24,G1990-24,12-Luttenberg,012,"",,"","",NL,"","","","","","",sand,"",,"","","","","",dairy,"","","",None,"","","",8.3,"","",2.33,"","","",7.2,"","",Broadcast,9.9,t/ha,None,"","","","","",grass,8
G1990-24,G1990-24,14-Luttenberg,014,"",,"","",NL,"","","","","","",sand,"",,"","","","","",dairy,"","","",None,"","","",8.3,"","",2.3,"","","",7.3,"","",Open slot injection,22.2,t/ha,None,"","","","","",grass,8
G1990-24,G1990-24,34-Duiven,034,"",,"","",NL,"","","","","","",clay,"",33,"","","","","",pig,"","","",None,"","","",11.3,"","",6.4,"","","",7.2,"","",Trailing hose,8.8,t/ha,None,"","","","","",grass,5
G1990-24,G1990-24,35-Duiven,035,"",,"","",NL,"","","","","","",clay,"",33,"","","","","",dairy,"","","",None,"","","",8.45,"","",2.3,"","","",7.2,"","",Trailing hose,8.6,t/ha,None,"","","","","",grass,5
G1990-24,G1990-24,36-Duiven,036,"",,"","",NL,"","","","","","",clay,"",33,"","","","","",pig,"","","",None,"","","",11.3,"","",6.4,"","","",7.2,"","",Broadcast,8.6,t/ha,None,"","","","","",grass,5
G1990-24,G1990-24,37-Duiven,037,"",,"","",NL,"","","","","","",clay,"",33,"","","","","",dairy,"","","",None,"","","",8.45,"","",2.3,"","","",7.2,"","",Broadcast,8.3,t/ha,None,"","","","","",grass,5
G1990-25,G1990-25,38-Duiven,038,"",,"","",NL,"","","","","","",clay,"",25,"","","","","",dairy,"","","",None,"","","",8.33,"","",2.4,"","","",,"","",Broadcast,8.8,t/ha,None,"","","","","",grass,6
G1990-26,G1990-26,15-Luttenberg,015,"",,"","",NL,"","","","","","",sand,"",,"","","","","",dairy,"","","",None,"","","",8.34,"","",2.28,"","","",7.4,"","",Broadcast,9.8,t/ha,None,"","","","","",grass,8
G1990-26,G1990-26,17-Luttenberg,017,"",,"","",NL,"","","","","","",sand,"",,"","","","","",dairy,"","","",None,"","","",8.19,"","",2.4,"","","",7.4,"","",Open slot injection,25,t/ha,None,"","","","","",grass,8
G1990-27,G1990-27,40-Zegveld,040,"",,"","",NL,"","","","","","",peat,"",50,"","","","","",dairy,"","","",None,"","","",5.82,"","",2.23,"","","",7.2,"","",Broadcast,8.7,t/ha,None,"","","","","",grass,9
G1990-29,G1990-29,41-Duiven,041,"",,"","",NL,"","","","","","",clay,"",19,"","","","","",dairy,"","","",None,"","","",7.82,"","",2.3,"","","",,"","",Broadcast,8.7,t/ha,None,"","","","","",grass,7
G1990-30,G1990-30,42-Duiven,042,"",,"","",NL,"","","","","","",clay,"",19,"","","","","",dairy,"","","",None,"","","",7.29,"","",2.18,"","","",7.9,"","",Broadcast,8.6,t/ha,None,"","","","","",grass,8
G1990-31,G1990-31,43-Duiven,043,"",,"","",NL,"","","","","","",clay,"",22,"","","","","",pig,"","","",None,"","","",5.13,"","",3.51,"","","",7.8,"","",Broadcast,8.4,t/ha,None,"","","","","",grass,8
G1990-35,G1990-35,143-Zegveld,143,"",,"","",NL,"","","","","","",peat,"",58,"","","","","",dairy,"","","",None,"","","",7.29,"","",2,"","","",7.1,"","",Broadcast,12.7,t/ha,None,"","","","","",grass,8
G1990-36,G1990-36,115-Zegveld,115,"",,"","",NL,"","","","","","",peat,"",48,"","","","","",dairy,"","","",None,"","","",7.59,"","",2.3,"","","",7.4,"","",Broadcast,9.6,t/ha,None,"","","","","",grass,10
G1990-36,G1990-36,116-Zegveld,116,"",,"","",NL,"","","","","","",peat,"",48,"","","","","",dairy,"","","",None,"","","",7.59,"","",2.3,"","","",7.4,"","",Open slot injection,15.1,t/ha,None,"","","","","",grass,10
G1991-15,G1991-15,44-Duiven,044,"",,"","",NL,"","","","","","",clay,"",34,"","","","","",dairy,"","","",None,"","","",7.48,"","",1.9,"","","",7.2,"","",Broadcast,15.3,t/ha,None,"","","","","",grass,12
G1991-15,G1991-15,45-Duiven,045,"",,"","",NL,"","","","","","",clay,"",34,"","","","","",dairy,"","","",None,"","","",7.48,"","",1.9,"","","",7.2,"","",Trailing hose,10.6,t/ha,None,"","","","","",grass,12
G1991-15,G1991-15,46-Duiven,046,"",,"","",NL,"","","","","","",clay,"",34,"","","","","",dairy,"","","",None,"","","",7.48,"","",1.9,"","","",7.2,"","",Trailing hose,10.7,t/ha,None,"","","","","",grass,6
G1991-15,G1991-15,47-Duiven,047,"",,"","",NL,"","","","","","",clay,"",34,"","","","","",dairy,"","","",None,"","","",7.48,"","",1.9,"","","",7.2,"","",Broadcast,16.2,t/ha,None,"","","","","",grass,6
G1991-16,G1991-16,48-Duiven,048,"",,"","",NL,"","","","","","",clay,"",24,"","","","","",pig,"","","",None,"","","",8.66,"","",5,"","","",7.3,"","",Broadcast,15.2,t/ha,None,"","","","","",grass,12
G1991-16,G1991-16,49-Duiven,049,"",,"","",NL,"","","","","","",clay,"",24,"","","","","",pig,"","","",None,"","","",8.66,"","",5,"","","",7.3,"","",Trailing hose,10.6,t/ha,None,"","","","","",grass,12
G1991-16,G1991-16,50-Duiven,050,"",,"","",NL,"","","","","","",clay,"",24,"","","","","",pig,"","","",None,"","","",8.66,"","",5,"","","",7.3,"","",Trailing hose,12,t/ha,None,"","","","","",grass,6
G1991-16,G1991-16,51-Duiven,051,"",,"","",NL,"","","","","","",clay,"",24,"","","","","",pig,"","","",None,"","","",8.66,"","",5,"","","",7.3,"","",Broadcast,16.3,t/ha,None,"","","","","",grass,6
G1991-24,G1991-24,52-Duiven,052,"",,"","",NL,"","","","","","",clay,"",28,"","","","","",dairy,"","","",None,"","","",8.82,"","",1.8,"","","",7.1,"","",Trailing hose,24.6,t/ha,None,"","","","","",grass,6
G1991-24,G1991-24,53-Duiven,053,"",,"","",NL,"","","","","","",clay,"",28,"","","","","",dairy,"","","",None,"","","",8.82,"","",1.8,"","","",7.1,"","",Broadcast,13,t/ha,None,"","","","","",grass,7
G1991-29,G1991-29,55-Duiven,055,"",,"","",NL,"","","","","","",clay,"",21,"","","","","",dairy,"","","",None,"","","",7.22,"","",1.453,"","","",7,"","",Broadcast,9.8,t/ha,None,"","","","","",grass,6
G1991-30,G1991-30,56-Duiven,056,"",,"","",NL,"","","","","","",clay,"",24,"","","","","",dairy,"","","",None,"","","",7.8,"","",1.6,"","","",7.1,"","",Broadcast,14,t/ha,None,"","","","","",grass,7
G1991-36,G1991-36,57-Zeewolde,057,"",,"","",NL,"","","","","","",clay,"",14,"","","","","",dairy,"","","",None,"","","",6.02,"","",2.5,"","","",7.6,"","",Broadcast,16.4,t/ha,None,"","","","","",grass,9
G1992-11,G1992-11,58-Duiven,058,"",,"","",NL,"","","","","","",clay,"",39,"","","","","",dairy,"","","",None,"","","",6.64,"","",2.1,"","","",7.4,"","",Broadcast,17.3,t/ha,None,"","","","","",grass,7
G1992-12,G1992-12,59-Duiven,059,"",,"","",NL,"","","","","","",clay,"",34,"","","","","",dairy,"","","",None,"","","",6.57,"","",2.2,"","","",7.3,"","",Broadcast,17.6,t/ha,None,"","","","","",grass,7
G1992-16,G1992-16,60-Duiven,060,"",,"","",NL,"","","","","","",clay,"",40,"","","","","",dairy,"","","",None,"","","",6.71,"","",1.8,"","","",6.9,"","",Broadcast,18.7,t/ha,None,"","","","","",grass,6
G1992-16,G1992-16,61-Duiven,061,"",,"","",NL,"","","","","","",clay,"",40,"","","","","",dairy,"","","",None,"","","",6.71,"","",1.8,"","","",6.9,"","",Open slot injection,19.1,t/ha,None,"","","","","",grass,6
G1992-16,G1992-16,62-Duiven,062,"",,"","",NL,"","","","","","",clay,"",40,"","","","","",dairy,"","","",None,"","","",6.71,"","",1.8,"","","",6.9,"","",Open slot injection,17.9,t/ha,None,"","","","","",grass,11
G1992-16,G1992-16,63-Duiven,063,"",,"","",NL,"","","","","","",clay,"",40,"","","","","",dairy,"","","",None,"","","",6.71,"","",1.8,"","","",6.9,"","",Open slot injection,19.2,t/ha,None,"","","","","",grass,6
G1992-17,G1992-17,64-Zegveld,064,"",,"","",NL,"","","","","","",peat,"",67,"","","","","",dairy,"","","",None,"","","",7.58,"","",2.6,"","","",7.2,"","",Broadcast,24.9,t/ha,None,"","","","","",grass,6
G1992-17,G1992-17,65-Zegveld,065,"",,"","",NL,"","","","","","",peat,"",67,"","","","","",dairy,"","","",None,"","","",7.58,"","",2.6,"","","",7.2,"","",Trailing hose,13.5,t/ha,None,"","","","","",grass,6
G1992-17,G1992-17,66-Zegveld,066,"",,"","",NL,"","","","","","",peat,"",67,"","","","","",dairy,"","","",None,"","","",7.58,"","",2.6,"","","",7.2,"","",Trailing hose,14,t/ha,None,"","","","","",grass,11
G1992-21,G1992-21,67-Duiven,067,"",,"","",NL,"","","","","","",clay,"",31,"","","","","",dairy,"","","",None,"","","",8.68,"","",2,"","","",6.8,"","",Broadcast,11.6,t/ha,None,"","","","","",grass,8
G1992-25,G1992-25,68-Duiven,068,"",,"","",NL,"","","","","","",clay,"",29,"","","","","",dairy,"","","",None,"","","",8.43,"","",2,"","","",7.1,"","",Open slot injection,15.6,t/ha,None,"","","","","",grass,7
G1992-25,G1992-25,69-Duiven,069,"",,"","",NL,"","","","","","",clay,"",29,"","","","","",dairy,"","","",None,"","","",8.43,"","",2,"","","",7.1,"","",Open slot injection,20.6,t/ha,None,"","","","","",grass,7
G1992-25,G1992-25,70-Duiven,070,"",,"","",NL,"","","","","","",clay,"",29,"","","","","",dairy,"","","",None,"","","",8.43,"","",2,"","","",7.1,"","",Open slot injection,30.8,t/ha,None,"","","","","",grass,7
G1992-25,G1992-25,71-Duiven,071,"",,"","",NL,"","","","","","",clay,"",29,"","","","","",dairy,"","","",None,"","","",8.43,"","",2,"","","",7.1,"","",Open slot injection,31.3,t/ha,None,"","","","","",grass,7
G1992-26,G1992-26,72-Duiven,072,"",,"","",NL,"","","","","","",clay,"",25,"","","","","",dairy,"","","",None,"","","",8.45,"","",2.1,"","","",7,"","",Broadcast,13.7,t/ha,None,"","","","","",grass,6
G1992-26,G1992-26,73-Duiven,073,"",,"","",NL,"","","","","","",clay,"",25,"","","","","",dairy,"","","",None,"","","",8.45,"","",2.1,"","","",7,"","",Trailing hose,15,t/ha,None,"","","","","",grass,6
G1992-26,G1992-26,74-Duiven,074,"",,"","",NL,"","","","","","",clay,"",25,"","","","","",dairy,"","","",None,"","","",8.45,"","",2.1,"","","",7,"","",Trailing hose,13.6,t/ha,None,"","","","","",grass,6
G1992-26,G1992-26,75-Duiven,075,"",,"","",NL,"","","","","","",clay,"",25,"","","","","",dairy,"","","",None,"","","",8.45,"","",2.1,"","","",7,"","",Trailing hose,28.1,t/ha,None,"","","","","",grass,6
G1992-26,G1992-26,76-Duiven,076,"",,"","",NL,"","","","","","",clay,"",25,"","","","","",dairy,"","","",None,"","","",8.45,"","",2.1,"","","",7,"","",Trailing hose,27.1,t/ha,None,"","","","","",grass,6
G1992-27,G1992-27,77-Zegveld,077,"",,"","",NL,"","","","","","",peat,"",42,"","","","","",dairy,"","","",None,"","","",5.62,"","",2.3,"","","",7.6,"","",Broadcast,13.6,t/ha,None,"","","","","",grass,5
G1992-27,G1992-27,78-Zegveld,078,"",,"","",NL,"","","","","","",peat,"",42,"","","","","",dairy,"","","",None,"","","",5.62,"","",2.3,"","","",7.6,"","",Trailing hose,16.2,t/ha,None,"","","","","",grass,5
G1992-27,G1992-27,79-Zegveld,079,"",,"","",NL,"","","","","","",peat,"",42,"","","","","",dairy,"","","",None,"","","",5.62,"","",2.3,"","","",7.6,"","",Trailing hose,11.5,t/ha,None,"","","","","",grass,7
G1992-27,G1992-27,80-Zegveld,080,"",,"","",NL,"","","","","","",peat,"",42,"","","","","",dairy,"","","",None,"","","",5.62,"","",2.3,"","","",7.6,"","",Open slot injection,17.1,t/ha,None,"","","","","",grass,5
G1992-27,G1992-27,81-Zegveld,081,"",,"","",NL,"","","","","","",peat,"",42,"","","","","",dairy,"","","",None,"","","",5.62,"","",2.3,"","","",7.6,"","",Open slot injection,18.9,t/ha,None,"","","","","",grass,5
G1992-28,G1992-28,82-Zegveld,082,"",,"","",NL,"","","","","","",peat,"",50,"","","","","",dairy,"","","",None,"","","",5.41,"","",2.3,"","","",7.2,"","",Broadcast,14.6,t/ha,None,"","","","","",grass,7
G1992-35,G1992-35,83-Zegveld,083,"",,"","",NL,"","","","","","",peat,"",62,"","","","","",dairy,"","","",None,"","","",4.62,"","",2,"","","",7.2,"","",Broadcast,15.5,t/ha,None,"","","","","",grass,8
G1992-38,G1992-38,84-Duiven,084,"",,"","",NL,"","","","","","",clay,"",24,"","","","","",dairy,"","","",None,"","","",6.92,"","",2,"","","",7.3,"","",Broadcast,16.3,t/ha,None,"","","","","",grass,9
G1992-38,G1992-38,85-Duiven,085,"",,"","",NL,"","","","","","",clay,"",24,"","","","","",dairy,"","","",None,"","","",6.92,"","",2,"","","",7.3,"","",Open slot injection,25,t/ha,None,"","","","","",grass,9
G1992-38,G1992-38,86-Duiven,086,"",,"","",NL,"","","","","","",clay,"",24,"","","","","",dairy,"","","",None,"","","",6.92,"","",2,"","","",7.3,"","",Open slot injection,17.8,t/ha,None,"","","","","",grass,9
G1993-10,G1993-10,87-Duiven,087,"",,"","",NL,"","","","","","",clay,"",38,"","","","","",dairy,"","","",None,"","","",8.32,"","",2.2,"","","",6.9,"","",Broadcast,17.9,t/ha,None,"","","","","",grass,4
G1993-10,G1993-10,88-Duiven,088,"",,"","",NL,"","","","","","",clay,"",38,"","","","","",dairy,"","","",None,"","","",8.32,"","",2.2,"","","",6.9,"","",Broadcast,18.5,t/ha,None,"","","","","",grass,4
G1993-11,G1993-11,89-Duiven,089,"",,"","",NL,"","","","","","",clay,"",34,"","","","","",dairy,"","","",None,"","","",8.94,"","",2.1,"","","",6.9,"","",Broadcast,15.1,t/ha,None,"","","","","",grass,6
G1993-11,G1993-11,90-Duiven,090,"",,"","",NL,"","","","","","",clay,"",34,"","","","","",dairy,"","","",None,"","","",8.94,"","",2.1,"","","",6.9,"","",Broadcast,15.8,t/ha,None,"","","","","",grass,6
G1993-11,G1993-11,91-Duiven,091,"",,"","",NL,"","","","","","",clay,"",34,"","","","","",dairy,"","","",None,"","","",8.94,"","",2.1,"","","",6.9,"","",Trailing hose,11.6,t/ha,None,"","","","","",grass,6
G1993-11,G1993-11,92-Duiven,092,"",,"","",NL,"","","","","","",clay,"",34,"","","","","",dairy,"","","",None,"","","",8.94,"","",2.1,"","","",6.9,"","",Trailing hose,10,t/ha,None,"","","","","",grass,6
G1993-11,G1993-11,93-Duiven,093,"",,"","",NL,"","","","","","",clay,"",34,"","","","","",dairy,"","","",None,"","","",8.94,"","",2.1,"","","",6.9,"","",Trailing hose,10.4,t/ha,None,"","","","","",grass,6
G1993-11,G1993-11,94-Duiven,094,"",,"","",NL,"","","","","","",clay,"",34,"","","","","",dairy,"","","",None,"","","",8.94,"","",2.1,"","","",6.9,"","",Trailing hose,10.3,t/ha,None,"","","","","",grass,6
G1993-12,G1993-12,95-Duiven,095,"",,"","",NL,"","","","","","",clay,"",33,"","","","","",dairy,"","","",None,"","","",8.27,"","",2.1,"","","",6.9,"","",Broadcast,19.4,t/ha,None,"","","","","",grass,5
G1993-12,G1993-12,96-Duiven,096,"",,"","",NL,"","","","","","",clay,"",41,"","","","","",dairy,"","","",None,"","","",8.27,"","",2.1,"","","",6.9,"","",Broadcast,19,t/ha,None,"","","","","",grass,7
G1993-18,G1993-18,97-Duiven,097,"",,"","",NL,"","","","","","",clay,"",29,"","","","","",dairy,"","","",None,"","","",5.2,"","",1.6,"","","",7.6,"","",Open slot injection,18.5,t/ha,None,"","","","","",grass,7
G1993-18,G1993-18,98-Duiven,098,"",,"","",NL,"","","","","","",clay,"",29,"","","","","",dairy,"","","",None,"","","",5.2,"","",1.6,"","","",7.6,"","",Open slot injection,17.5,t/ha,None,"","","","","",grass,7
G1993-18,G1993-18,99-Duiven,099,"",,"","",NL,"","","","","","",clay,"",29,"","","","","",dairy,"","","",None,"","","",5.2,"","",1.6,"","","",7.6,"","",Open slot injection,17.8,t/ha,None,"","","","","",grass,7
G1993-18,G1993-18,100-Duiven,100,"",,"","",NL,"","","","","","",clay,"",29,"","","","","",dairy,"","","",None,"","","",5.2,"","",1.6,"","","",7.6,"","",Open slot injection,20.8,t/ha,None,"","","","","",grass,7
G1993-21,G1993-21,101-Duiven,101,"",,"","",NL,"","","","","","",clay,"",24,"","","","","",dairy,"","","",None,"","","",8.15,"","",2,"","","",6.8,"","",Open slot injection,20.2,t/ha,None,"","","","","",grass,8
G1993-21,G1993-21,102-Duiven,102,"",,"","",NL,"","","","","","",clay,"",24,"","","","","",dairy,"","","",None,"","","",8.15,"","",2,"","","",6.8,"","",Open slot injection,19.5,t/ha,None,"","","","","",grass,8
G1993-21,G1993-21,103-Duiven,103,"",,"","",NL,"","","","","","",clay,"",24,"","","","","",dairy,"","","",None,"","","",8.15,"","",2,"","","",6.8,"","",Open slot injection,19.8,t/ha,None,"","","","","",grass,8
G1993-21,G1993-21,104-Duiven,104,"",,"","",NL,"","","","","","",clay,"",24,"","","","","",dairy,"","","",None,"","","",8.15,"","",2,"","","",6.8,"","",Open slot injection,32.7,t/ha,None,"","","","","",grass,8
G1993-21,G1993-21,105-Duiven,105,"",,"","",NL,"","","","","","",clay,"",24,"","","","","",dairy,"","","",None,"","","",8.15,"","",2,"","","",6.8,"","",Open slot injection,45.5,t/ha,None,"","","","","",grass,8
G1993-21,G1993-21,106-Duiven,106,"",,"","",NL,"","","","","","",clay,"",24,"","","","","",dairy,"","","",None,"","","",8.15,"","",2,"","","",6.8,"","",Open slot injection,44.2,t/ha,None,"","","","","",grass,8
G1993-22,G1993-22,107-Duiven,107,"",,"","",NL,"","","","","","",clay,"",28,"","","","","",dairy,"","","",None,"","","",7.04,"","",2,"","","",7.2,"","",Trailing hose,14.4,t/ha,None,"","","","","",grass,9
G1993-22,G1993-22,108-Duiven,108,"",,"","",NL,"","","","","","",clay,"",28,"","","","","",dairy,"","","",None,"","","",7.04,"","",2,"","","",7.2,"","",Trailing hose,15.7,t/ha,None,"","","","","",grass,9
G1993-22,G1993-22,109-Duiven,109,"",,"","",NL,"","","","","","",clay,"",28,"","","","","",dairy,"","","",None,"","","",7.04,"","",2,"","","",7.2,"","",Trailing hose,14.8,t/ha,None,"","","","","",grass,9
G1993-22,G1993-22,110-Duiven,110,"",,"","",NL,"","","","","","",clay,"",28,"","","","","",dairy,"","","",None,"","","",7.04,"","",2,"","","",7.2,"","",Trailing hose,15.5,t/ha,None,"","","","","",grass,9
G2005-29,G2005-29,400-Zegveld,400,"",,"","",NL,"","","","","","",peat,"",,"","","","","",dairy,"","","",None,"","","",4.7,"","",1.56,"","","",7.2,"","",Trailing hose,16,t/ha,None,"","","","","",grass,
G1997-24,G1997-24,200-Zegveld,001,"",1768.08,"","",NL,"","","","","","",peat,"",,"","","","","",dairy,"","","",None,"","","",7.2,"","",2.04,"","","",6.8,"","",Broadcast,12.1035247273879,t/ha,None,"","","","","",grass,9.2
G1997-24,G1997-24,201-Zegveld,002,"",1715.49,"","",NL,"","","","","","",peat,"",,"","","","","",dairy,"","","",None,"","","",7.2,"","",1.98,"","","",6.9,"","",Broadcast,20.8103807075529,t/ha,None,"","","","","",grass,9.4
G1997-24,G1997-24,202-Zegveld,004,"",1195.92,"","",NL,"","","","","","",peat,"",,"","","","","",dairy,"","","",None,"","","",7.4,"","",2.12,"","","",6.7,"","",Open slot injection,15.3856445247174,t/ha,None,"","","","","",grass,9
G1997-25,G1997-25,203-Zegveld,002,"",1846.05,"","",NL,"","","","","","",peat,"",,"","","","","",dairy,"","","",None,"","","",7.1,"","",2.3,"","","",7.1,"","",Broadcast,20.8011700658162,t/ha,None,"","","","","",grass,6.7
G1997-25,G1997-25,204-Zegveld,004,"",1137.6,"","",NL,"","","","","","",peat,"",,"","","","","",dairy,"","","",None,"","","",7.3,"","",2.2,"","","",7,"","",Open slot injection,20.1300984528833,t/ha,None,"","","","","",grass,6.2
G1997-26,G1997-26,205-Duiven,001,"",1532.08,"","",NL,"","","","","","",clay,"",,"","","","","",dairy,"","","",None,"","","",7.8,"","",1.99,"","","",7.1,"","",Broadcast,12.4667119210485,t/ha,None,"","","","","",grass,9.4
G1997-26,G1997-26,206-Duiven,002,"",1554.3,"","",NL,"","","","","","",clay,"",,"","","","","",dairy,"","","",None,"","","",7.5,"","",2,"","","",7.1,"","",Broadcast,19.365630830599,t/ha,None,"","","","","",grass,10
G1997-26,G1997-26,207-Duiven,004,"",1706.24,"","",NL,"","","","","","",clay,"",,"","","","","",dairy,"","","",None,"","","",7.5,"","",1.99,"","","",7,"","",Open slot injection,24.1466616654164,t/ha,None,"","","","","",grass,6.3
G1997-28,G1997-28,208-Duiven,001,"",1452.854,"","",NL,"","","","","","",clay,"",,"","","","","",dairy,"","","",None,"","","",6.4,"","",1.75,"","","",7.1,"","",Broadcast,16.6568698575356,t/ha,None,"","","","","",grass,6
G1997-28,G1997-28,209-Duiven,002,"",1469.289,"","",NL,"","","","","","",clay,"",,"","","","","",dairy,"","","",None,"","","",6.4,"","",1.73,"","","",7.1,"","",Broadcast,20.0641262542631,t/ha,None,"","","","","",grass,6.8
G1997-28,G1997-28,210-Duiven,004,"",1632.64,"","",NL,"","","","","","",clay,"",,"","","","","",dairy,"","","",None,"","","",6.3,"","",1.73,"","","",7,"","",Open slot injection,24.3164445315563,t/ha,None,"","","","","",grass,6.4
G1997-29,G1997-29,211-Duiven,001,"",1505.7,"","",NL,"","","","","","",clay,"",,"","","","","",dairy,"","","",None,"","","",7.2,"","",1.94,"","","",7.4,"","",Broadcast,16.4176130703327,t/ha,None,"","","","","",grass,7.5
G1997-29,G1997-29,212-Duiven,002,"",1564.828,"","",NL,"","","","","","",clay,"",,"","","","","",dairy,"","","",None,"","","",7.2,"","",1.93,"","","",7.3,"","",Broadcast,19.8616077933166,t/ha,None,"","","","","",grass,7.6
G1997-29,G1997-29,213-Duiven,004,"",1819.52,"","",NL,"","","","","","",clay,"",,"","","","","",dairy,"","","",None,"","","",7.1,"","",1.93,"","","",7.3,"","",Open slot injection,20.5548716144917,t/ha,None,"","","","","",grass,7
G1997-30,G1997-30,214-Zegveld,001,"",1644.75,"","",NL,"","","","","","",peat,"",,"","","","","",dairy,"","","",None,"","","",6.5,"","",1.51,"","","",6.9,"","",Broadcast,15.1390788873689,t/ha,None,"","","","","",grass,5.2
G1997-30,G1997-30,215-Zegveld,002,"",1841.28,"","",NL,"","","","","","",peat,"",,"","","","","",dairy,"","","",None,"","","",6.7,"","",1.54,"","","",6.9,"","",Broadcast,19.3886861313869,t/ha,None,"","","","","",grass,8.3
G1997-30,G1997-30,216-Zegveld,004,"",975.6,"","",NL,"","","","","","",peat,"",,"","","","","",dairy,"","","",None,"","","",7.2,"","",1.68,"","","",6.8,"","",Open slot injection,31.570315703157,t/ha,None,"","","","","",grass,7.2
G1997-31,G1997-31,217-Zegveld,001,"",1241.2716,"","",NL,"","","","","","",peat,"",13.1,"","","","","",dairy,"","","",None,"","","",7,"","",1.68,"","","",6.9,"","",Broadcast,14.2595705887414,t/ha,None,"","","","","",grass,8
G1997-31,G1997-31,218-Zegveld,002,"",1663.749,"","",NL,"","","","","","",peat,"",14,"","","","","",dairy,"","","",None,"","","",7,"","",1.7,"","","",6.9,"","",Broadcast,22.1187210330404,t/ha,None,"","","","","",grass,6.8
G1997-31,G1997-31,219-Zegveld,004,"",1422.6,"","",NL,"","","","","","",peat,"",,"","","","","",dairy,"","","",None,"","","",7.3,"","",1.67,"","","",6.9,"","",Open slot injection,34.4439758189231,t/ha,None,"","","","","",grass,6.3
G1997-33,G1997-33,220-Duiven,001,"",1540.311,"","",NL,"","","","","","",clay,"",,"","","","","",dairy,"","","",None,"","","",6.4,"","",1.79,"","","",7.4,"","",Broadcast,15.5812689774987,t/ha,None,"","","","","",grass,7.2
G1997-33,G1997-33,221-Duiven,002,"",1531.348,"","",NL,"","","","","","",clay,"",,"","","","","",dairy,"","","",None,"","","",6.6,"","",1.77,"","","",7.4,"","",Broadcast,19.3293751648874,t/ha,None,"","","","","",grass,6.8
G1997-33,G1997-33,222-Duiven,004,"",1956.48,"","",NL,"","","","","","",clay,"",,"","","","","",dairy,"","","",None,"","","",6.7,"","",1.78,"","","",7.3,"","",Open slot injection,21.6204612365064,t/ha,None,"","","","","",grass,6.3
G1998-28,G1998-28,223-Duiven,001,"",2236.192,"","",NL,"","","","","","",clay,"",,"","","","","",dairy,"","","",None,"","","",7.2,"","",2.535,"","","",7.25,"","",Broadcast,13.3172822369457,t/ha,None,"","","","","",grass,8.7
G1998-28,G1998-28,224-Duiven,002,"",2044.178,"","",NL,"","","","","","",clay,"",,"","","","","",dairy,"","","",None,"","","",7.3,"","",2.555,"","","",7.15,"","",Broadcast,14.2551186834023,t/ha,None,"","","","","",grass,7.5
G1998-28,G1998-28,225-Duiven,003,"",2395.98,"","",NL,"","","","","","",clay,"",,"","","","","",dairy,"","","",None,"","","",10.2,"","",2.375,"","","",6.9,"","",Broadcast,13.1971051511281,t/ha,None,"","","","","",grass,8.4
G1998-28,G1998-28,226-Duiven,004,"",2250.64,"","",NL,"","","","","","",clay,"",,"","","","","",dairy,"","","",None,"","","",10.7,"","",2.355,"","","",6.85,"","",Broadcast,13.4717235986208,t/ha,None,"","","","","",grass,8.6
G1998-30,G1998-30,227-Duiven,001,"",2130.048,"","",NL,"","","","","","",clay,"",36.9,"","","","","",dairy,"","","",None,"","","",10.3,"","",2.43,"","","",7.25,"","",Broadcast,12.4785920317289,t/ha,None,"","","","","",grass,9.3
G1998-30,G1998-30,228-Duiven,002,"",2163.862,"","",NL,"","","","","","",clay,"",37,"","","","","",dairy,"","","",None,"","","",10.7,"","",2.395,"","","",7.2,"","",Broadcast,12.2004083439702,t/ha,None,"","","","","",grass,10
G1998-30,G1998-30,229-Duiven,003,"",2113.176,"","",NL,"","","","","","",clay,"",40.2,"","","","","",dairy,"","","",None,"","","",11.2,"","",2.325,"","","",7.1,"","",Broadcast,13.1176958284592,t/ha,None,"","","","","",grass,9.5
G1998-30,G1998-30,230-Duiven,004,"",2288.904,"","",NL,"","","","","","",clay,"",41.2,"","","","","",dairy,"","","",None,"","","",11.1,"","",2.375,"","","",7.2,"","",Broadcast,12.1805021093065,t/ha,None,"","","","","",grass,10.4
G1998-32,G1998-32,231-Duiven,001,"",2360.94,"","",NL,"","","","","","",clay,"",26.1,"","","","","",dairy,"","","",None,"","","",11.1,"","",2.285,"","","",6.95,"","",Broadcast,12.7406880310385,t/ha,None,"","","","","",grass,7.6
G1998-32,G1998-32,232-Duiven,002,"",2131.08,"","",NL,"","","","","","",clay,"",28,"","","","","",dairy,"","","",None,"","","",10.8,"","",2.34,"","","",7,"","",Broadcast,13.0637986373107,t/ha,None,"","","","","",grass,7.5
G1998-32,G1998-32,233-Duiven,003,"",2365.74,"","",NL,"","","","","","",clay,"",27.8,"","","","","",dairy,"","","",None,"","","",11,"","",2.32,"","","",7,"","",Broadcast,12.4696712233804,t/ha,None,"","","","","",grass,7.6
G1998-32,G1998-32,234-Duiven,004,"",2156.88,"","",NL,"","","","","","",clay,"",26.3,"","","","","",dairy,"","","",None,"","","",10.6,"","",2.36,"","","",7,"","",Broadcast,13.0373502466526,t/ha,None,"","","","","",grass,7.2
G1999-19,G1999-19,235-Hengelo (gld),001,"",1720.96,"","",NL,"","","","","","",sand,"",21.9,"","","","","",dairy,"","","",None,"","","",7.2,"","",1.883,"","","",7.07,"","",Open slot injection,12.0281703235403,t/ha,None,"","","","","",grass,9.8
G1999-19,G1999-19,236-Hengelo (gld),002,"",1719.36,"","",NL,"","","","","","",sand,"",25.8,"","","","","",dairy,"","","",None,"","","",7.2,"","",1.883,"","","",7.07,"","",Open slot injection,24.9511446119486,t/ha,None,"","","","","",grass,10
G1999-19,G1999-19,237-Duiven,003,"",1766.39,"","",NL,"","","","","","",clay,"",36.4,"","","","","",dairy,"","","",None,"","","",8.7,"","",1.83,"","","",7.07,"","",Open slot injection,16.3157626571708,t/ha,None,"","","","","",grass,10.7
G1999-19,G1999-19,238-Duiven,004,"",1791.36,"","",NL,"","","","","","",clay,"",34.2,"","","","","",dairy,"","","",None,"","","",9.3,"","",1.83,"","","",7,"","",Open slot injection,27.6103072525902,t/ha,None,"","","","","",grass,10.4
G1999-19,G1999-19,239-Duiven,005,"",1653.76,"","",NL,"","","","","","",clay,"",35.1,"","","","","",dairy,"","","",None,"","","",9.3,"","",1.76,"","","",7,"","",Open slot injection,38.3610681114551,t/ha,None,"","","","","",grass,11.1
G1999-20,G1999-20,242-Duiven,003,"",1705.6,"","",NL,"","","","","","",clay,"",47.8,"","","","","",dairy,"","","",None,"","","",9.9,"","",1.887,"","","",6.8,"","",Open slot injection,13.625703564728,t/ha,None,"","","","","",grass,10.3
G1999-20,G1999-20,243-Duiven,004,"",1706.24,"","",NL,"","","","","","",clay,"",48.8,"","","","","",dairy,"","","",None,"","","",9.9,"","",1.887,"","","",6.8,"","",Open slot injection,29.6792948237059,t/ha,None,"","","","","",grass,10.3
G1999-20,G1999-20,244-Duiven,005,"",1713.92,"","",NL,"","","","","","",clay,"",50.3,"","","","","",dairy,"","","",None,"","","",9.8,"","",1.885,"","","",6.8,"","",Open slot injection,38.8232823002241,t/ha,None,"","","","","",grass,9.7
G1999-22,G1999-22,240-Hengelo (gld),001,"",1638.72,"","",NL,"","","","","","",sand,"",23.3,"","","","","",dairy,"","","",None,"","","",7.1,"","",1.93,"","","",7.4,"","",Open slot injection,14.7066002733841,t/ha,None,"","","","","",grass,9.1
G1999-22,G1999-22,241-Hengelo (gld),002,"",1654.4,"","",NL,"","","","","","",sand,"",28.8,"","","","","",dairy,"","","",None,"","","",7.1,"","",1.93,"","","",7.4,"","",Open slot injection,26.7166344294004,t/ha,None,"","","","","",grass,9.6
G1999-26,G1999-26,245-Hengelo (gld),001,"",1655.68,"","",NL,"","","","","","",sand,"",19.4,"","","","","",dairy,"","","",None,"","","",6.8,"","",1.913,"","","",7.3,"","",Open slot injection,14.1935639737147,t/ha,None,"","","","","",grass,8.1
G1999-26,G1999-26,246-Hengelo (gld),002,"",1623.68,"","",NL,"","","","","","",sand,"",19.9,"","","","","",dairy,"","","",None,"","","",6.8,"","",1.913,"","","",7.3,"","",Open slot injection,26.4830508474576,t/ha,None,"","","","","",grass,7.5
G1999-27,G1999-27,247-Hengelo (gld),001,"",1658.88,"","",NL,"","","","","","",sand,"",30.2,"","","","","",dairy,"","","",None,"","","",6.7,"","",1.92,"","","",7.5,"","",Open slot injection,14.2264660493827,t/ha,None,"","","","","",grass,14.1
G1999-27,G1999-27,248-Hengelo (gld),002,"",1641.6,"","",NL,"","","","","","",sand,"",31.8,"","","","","",dairy,"","","",None,"","","",6.7,"","",1.92,"","","",7.5,"","",Open slot injection,26.3767056530214,t/ha,None,"","","","","",grass,12.4
G1999-27,G1999-27,249-Duiven,003,"",1708.8,"","",NL,"","","","","","",clay,"",44.5,"","","","","",dairy,"","","",None,"","","",8.2,"","",2.11,"","","",7.1,"","",Open slot injection,14.6184456928839,t/ha,None,"","","","","",grass,10
G1999-27,G1999-27,250-Duiven,004,"",1677.44,"","",NL,"","","","","","",clay,"",41.2,"","","","","",dairy,"","","",None,"","","",8.2,"","",2.11,"","","",7.1,"","",Open slot injection,28.2096528042732,t/ha,None,"","","","","",grass,9.4
G1999-27,G1999-27,251-Duiven,005,"",1705.92,"","",NL,"","","","","","",clay,"",41.8,"","","","","",dairy,"","","",None,"","","",8.4,"","",2.1,"","","",7.1,"","",Open slot injection,37.1646970549615,t/ha,None,"","","","","",grass,8.9
G1999-30,G1999-30,252-Hengelo (gld),001,"",1662.08,"","",NL,"","","","","","",sand,"",18.1,"","","","","",dairy,"","","",None,"","","",8.3,"","",1.99,"","","",7.8,"","",Open slot injection,13.5372545244513,t/ha,None,"","","","","",grass,8.1
G1999-30,G1999-30,253-Hengelo (gld),002,"",1657.6,"","",NL,"","","","","","",sand,"",16.8,"","","","","",dairy,"","","",None,"","","",8.3,"","",1.99,"","","",7.8,"","",Open slot injection,25.5188223938224,t/ha,None,"","","","","",grass,7.4
G1999-30,G1999-30,254-Duiven,003,"",1656.32,"","",NL,"","","","","","",clay,"",19,"","","","","",dairy,"","","",None,"","","",8.8,"","",2.09,"","","",7.4,"","",Open slot injection,14.9971020092736,t/ha,None,"","","","","",grass,7.3
G1999-30,G1999-30,255-Duiven,004,"",1639.68,"","",NL,"","","","","","",clay,"",19.5,"","","","","",dairy,"","","",None,"","","",8.8,"","",2.09,"","","",7.4,"","",Open slot injection,27.9078844652615,t/ha,None,"","","","","",grass,9
G1999-30,G1999-30,256-Duiven,005,"",1637.12,"","",NL,"","","","","","",clay,"",17.9,"","","","","",dairy,"","","",None,"","","",8.8,"","",2.09,"","","",7.4,"","",Open slot injection,37.2361219702893,t/ha,None,"","","","","",grass,8.2
G1999-35,G1999-35,257-Hengelo (gld),001,"",1656.32,"","",NL,"","","","","","",sand,"",13.1,"","","","","",dairy,"","","",None,"","","",7.3,"","",1.767,"","","",7.4,"","",Open slot injection,14.0673299845441,t/ha,None,"","","","","",grass,7.8
G1999-35,G1999-35,258-Hengelo (gld),002,"",1652.48,"","",NL,"","","","","","",sand,"",14,"","","","","",dairy,"","","",None,"","","",7.3,"","",1.767,"","","",7.4,"","",Open slot injection,26.1425251742835,t/ha,None,"","","","","",grass,9.8
G2000-08,G2000-08,259-Hengelo (gld),001,"",1661.44,"","",NL,"","","","","","",sand,"",23.2,"","","","","",dairy,"","","",None,"","","",7.6,"","",1.88,"","","",7.4,"","",Open slot injection,13.1813366718028,t/ha,None,"","","","","",grass,4.8
G2000-08,G2000-08,260-Hengelo (gld),002,"",1644.734,"","",NL,"","","","","","",sand,"",26.3,"","","","","",dairy,"","","",None,"","","",7.6,"","",1.88,"","","",7.4,"","",Open slot injection,25.5968442313468,t/ha,None,"","","","","",grass,5.1
G2000-08,G2000-08,261-Duiven,003,"",1675.7,"","",NL,"","","","","","",clay,"",42.5,"","","","","",dairy,"","","",None,"","","",9.7,"","",2.24,"","","",7.6,"","",Open slot injection,35.5552903264307,t/ha,None,"","","","","",grass,6.7
G2000-08,G2000-08,262-Duiven,004,"",1628.16,"","",NL,"","","","","","",clay,"",38.3,"","","","","",dairy,"","","",None,"","","",9.7,"","",2.22,"","","",7.6,"","",Open slot injection,18.6345322327044,t/ha,None,"","","","","",grass,6.6
G2000-08,G2000-08,263-Duiven,005,"",1603.84,"","",NL,"","","","","","",clay,"",40.9,"","","","","",dairy,"","","",None,"","","",9.7,"","",2.22,"","","",7.6,"","",Open slot injection,16.2110933758978,t/ha,None,"","","","","",grass,5.9
G2000-09,G2000-09,264-Hengelo (gld),001,"",1651.84,"","",NL,"","","","","","",sand,"",24.5,"","","","","",dairy,"","","",None,"","","",7.3,"","",1.86,"","","",7.2,"","",Open slot injection,12.7736342502906,t/ha,None,"","","","","",grass,4.8
G2000-09,G2000-09,265-Hengelo (gld),002,"",1661.933,"","",NL,"","","","","","",sand,"",23.7,"","","","","",dairy,"","","",None,"","","",7.3,"","",1.86,"","","",7.2,"","",Open slot injection,24.8505806190743,t/ha,None,"","","","","",grass,5.5
G2000-11,G2000-11,266-Hengelo (gld),001,"",1637.76,"","",NL,"","","","","","",sand,"",24.5,"","","","","",dairy,"","","",None,"","","",7.4,"","",1.88,"","","",7.3,"","",Open slot injection,10.3800312622118,t/ha,None,"","","","","",grass,7.1
G2000-11,G2000-11,267-Hengelo (gld),002,"",1624.35,"","",NL,"","","","","","",sand,"",23.7,"","","","","",dairy,"","","",None,"","","",7.4,"","",1.88,"","","",7.3,"","",Open slot injection,25.9180595315049,t/ha,None,"","","","","",grass,6.1
G2000-12,G2000-12,268-Hengelo (gld),001,"",1650.302,"","",NL,"","","","","","",sand,"",19.5,"","","","","",dairy,"","","",None,"","","",7.6,"","",1.89,"","","",7.5,"","",Open slot injection,14.2398179242345,t/ha,None,"","","","","",grass,5.7
G2000-12,G2000-12,269-Hengelo (gld),002,"",1678.9764,"","",NL,"","","","","","",sand,"",21.1,"","","","","",dairy,"","","",None,"","","",7.6,"","",1.89,"","","",7.5,"","",Open slot injection,26.5042438952686,t/ha,None,"","","","","",grass,5.2
G2000-12,G2000-12,270-Duiven,003,"",1698.872,"","",NL,"","","","","","",clay,"",40.1,"","","","","",dairy,"","","",None,"","","",9.5,"","",2.3,"","","",7.6,"","",Open slot injection,27.6771881577894,t/ha,None,"","","","","",grass,8.5
G2000-12,G2000-12,271-Duiven,004,"",1720.062,"","",NL,"","","","","","",clay,"",43.3,"","","","","",dairy,"","","",None,"","","",9.5,"","",2.3,"","","",7.6,"","",Open slot injection,15.0227142975079,t/ha,None,"","","","","",grass,8
G2000-12,G2000-12,272-Duiven,005,"",1724.9256,"","",NL,"","","","","","",clay,"",41.7,"","","","","",dairy,"","","",None,"","","",9.6,"","",2.3,"","","",7.6,"","",Open slot injection,38.4712244980305,t/ha,None,"","","","","",grass,9
G2000-19,G2000-19,273-Hengelo (gld),001,"",1661.226,"","",NL,"","","","","","",sand,"",17.5,"","","","","",dairy,"","","",None,"","","",7.3,"","",1.887,"","","",7.5,"","",Open slot injection,13.3034277094146,t/ha,None,"","","","","",grass,7.9
G2000-19,G2000-19,274-Hengelo (gld),002,"",1651.3632,"","",NL,"","","","","","",sand,"",14.1,"","","","","",dairy,"","","",None,"","","",7.3,"","",1.887,"","","",7.5,"","",Open slot injection,24.8279724290816,t/ha,None,"","","","","",grass,7.7
G2000-19,G2000-19,275-Duiven,003,"",1625.3076,"","",NL,"","","","","","",clay,"",31.3,"","","","","",dairy,"","","",None,"","","",9,"","",2.15,"","","",7.7,"","",Open slot injection,25.0168029731726,t/ha,None,"","","","","",grass,
G2000-19,G2000-19,276-Duiven,004,"",1601.3283,"","",NL,"","","","","","",clay,"",27.5,"","","","","",dairy,"","","",None,"","","",9,"","",2.15,"","","",7.7,"","",Open slot injection,13.2265195088353,t/ha,None,"","","","","",grass,
G2000-19,G2000-19,277-Duiven,005,"",1644.16,"","",NL,"","","","","","",clay,"",28.2,"","","","","",dairy,"","","",None,"","","",9.3,"","",2.19,"","","",7.7,"","",Open slot injection,34.9601012066952,t/ha,None,"","","","","",grass,
G2002-10,G2002-10,278-Gorssel,001,"",2026.35,"","",NL,"","","","","","",sand,"",24.4,"","","","","",dairy,"","","",None,"","","",7.7,"","",1.84,"","","",,"","",Open slot injection,22.70091543909,t/ha,None,"","","","","",grass,6.4
G2002-10,G2002-10,279-Gorssel,002,"",2071.8,"","",NL,"","","","","","",sand,"",27,"","","","","",dairy,"","","",None,"","","",7.7,"","",1.92,"","","",,"","",Open slot injection,22.6614538082827,t/ha,None,"","","","","",grass,6.5
G2002-23,G2002-23,280-Waardenburg,001,"",1634.56,"","",NL,"","","","","","",clay,"",31.1,"","","","","",dairy,"","","",None,"","","",9.9,"","",2.057,"","","",7.2,"","",Open slot injection,14.9275646045419,t/ha,None,"","","","","",grass,12.7
G2002-23,G2002-23,281-Waardenburg,002,"",1599.36,"","",NL,"","","","","","",clay,"",29.5,"","","","","",dairy,"","","",None,"","","",9.9,"","",2.057,"","","",7.2,"","",Open slot injection,14.5058023209284,t/ha,None,"","","","","",grass,12.9
G2003-10,G2003-10,282-Surhuisterveen,001,"",1548.448,"","",NL,"","","","","","",clay,"",22.2,"","","","","",dairy,"","","",None,"","","",6.6,"","",3.17,"","","",7.9,"","",Broadcast,20.2783690508173,t/ha,None,"","","","","",grass,4.2
G2003-10,G2003-10,283-Surhuisterveen,003,"",1472.8771,"","",NL,"","","","","","",clay,"",23.7,"","","","","",dairy,"","","",None,"","","",7.8,"","",1.52,"","","",7.7,"","",Broadcast,19.4177776272032,t/ha,None,"","","","","",grass,4
G2003-10,G2003-10,284-Surhuisterveen,004,"",1458.7872,"","",NL,"","","","","","",clay,"",30.4,"","","","","",dairy,"","","",None,"","","",7.7,"","",1.51,"","","",7.9,"","",Broadcast,17.1375235538124,t/ha,None,"","","","","",grass,5
G2003-11,G2003-11,285-Surhuisterveen,001,"",1968.897,"","",NL,"","","","","","",clay,"",25.5,"","","","","",dairy,"","","",None,"","","",7.7,"","",1.49,"","","",7.5,"","",Broadcast,19.401725940971,t/ha,None,"","","","","",grass,4.1
G2003-11,G2003-11,286-Surhuisterveen,002,"",1595.4922,"","",NL,"","","","","","",clay,"",25.2,"","","","","",dairy,"","","",None,"","","",6.5,"","",3.08,"","","",7.9,"","",Broadcast,20.181859867444,t/ha,None,"","","","","",grass,5.1
G2003-11,G2003-11,287-Surhuisterveen,003,"",1565.414,"","",NL,"","","","","","",clay,"",24.2,"","","","","",dairy,"","","",None,"","","",7.6,"","",1.475,"","","",7.5,"","",Broadcast,19.164259422747,t/ha,None,"","","","","",grass,4.9
G2003-11,G2003-11,288-Surhuisterveen,004,"",1946.637,"","",NL,"","","","","","",clay,"",32.6,"","","","","",dairy,"","","",None,"","","",6.6,"","",3.05,"","","",7.9,"","",Broadcast,19.0071389786591,t/ha,None,"","","","","",grass,3.7
G2010-20,G2010-20,Lelystad,001,"",1450.56,"","",NL,"","","","","","",clay,"",,"","","","","",dairy,"","","",None,"","","",7.4,"","",1.57,"","","",6.9,"","",Open slot injection,27.2308625634238,t/ha,None,"","","","","",grass,
G2010-20,G2010-20,Lelystad,002,"",1191.6,"","",NL,"","","","","","",clay,"",,"","","","","",mineralconcentrate,"","","",None,"","","",4,"","",7.095,"","","",8.2,"","",Open slot injection,11.2453843571668,t/ha,None,"","","","","",grass,
G2010-20,G2010-20,Lelystad,003,"",1425,"","",NL,"","","","","","",clay,"",,"","","","","",dairy,"","","",None,"","","",7.4,"","",1.57,"","","",6.9,"","",Open slot injection,22.7368421052632,t/ha,None,"","","","","",grass,
G2010-20,G2010-20,Lelystad,004,"",1302.48,"","",NL,"","","","","","",clay,"",,"","","","","",mineralconcentrate,"","","",None,"","","",4,"","",7.095,"","","",8.2,"","",Open slot injection,10.2112892328481,t/ha,None,"","","","","",grass,
G2010-21,G2010-21,Lelystad,001,"",1396.2,"","",NL,"","","","","","",clay,"",,"","","","","",dairy,"","","",None,"","","",6.6,"","",1.55,"","","",6.9,"","",Open slot injection,21.7733849018765,t/ha,None,"","","","","",grass,
G2010-21,G2010-21,Lelystad,002,"",1172.88,"","",NL,"","","","","","",clay,"",,"","","","","",mineralconcentrate,"","","",None,"","","",4.1,"","",7.125,"","","",8.1,"","",Open slot injection,13.215333196917,t/ha,None,"","","","","",grass,
G2010-21,G2010-21,Lelystad,003,"",1425,"","",NL,"","","","","","",clay,"",,"","","","","",dairy,"","","",None,"","","",6.6,"","",1.55,"","","",6.9,"","",Open slot injection,22.7368421052632,t/ha,None,"","","","","",grass,
G2010-21,G2010-21,Lelystad,004,"",1128.96,"","",NL,"","","","","","",clay,"",,"","","","","",mineralconcentrate,"","","",None,"","","",4.1,"","",7.125,"","","",8.1,"","",Open slot injection,13.7294501133787,t/ha,None,"","","","","",grass,
G2013-15a,G2013-15a,289-Zegveld,001,"",1635.25,"","",NL,"","","","","","",peat,"",,"","","","","",dairy,"","","",None,"","","",8.8,"","",1.93,"","","",7.1,"","",Trailing hose,24.27763338939,t/ha,None,"","","","","",grass,6
G2013-15a,G2013-15a,Zegveld,002,"",1407.6,"","",NL,"","","","","","",peat,"",,"","","","","",dairy,"","","",Diluted,"","","",4.7,"","",1.045,"","","",6.9,"","",Trailing hose,36.5160556976414,t/ha,None,"","","","","",grass,6
G2013-15b,G2013-15b,290-Zegveld,003,"",1411.25,"","",NL,"","","","","","",peat,"",,"","","","","",dairy,"","","",None,"","","",9,"","",2.085,"","","",7.1,"","",Trailing hose,24.5881310894597,t/ha,None,"","","","","",grass,6
G2013-15b,G2013-15b,Zegveld,004,"",1305.3,"","",NL,"","","","","","",peat,"",,"","","","","",dairy,"","","",Diluted,"","","",3.8,"","",0.96,"","","",7,"","",Trailing hose,53.7807400597564,t/ha,None,"","","","","",grass,6
G2013-16a,G2013-16a,291-Kamerik,001,"",1488.25,"","",NL,"","","","","","",clay,"",,"","","","","",dairy,"","","",None,"","","",8.6,"","",2.13,"","","",7.1,"","",Trailing hose,23.3831681505123,t/ha,None,"","","","","",grass,8
G2013-16a,G2013-16a,Kamerik,002,"",1471.74,"","",NL,"","","","","","",clay,"",,"","","","","",dairy,"","","",Diluted,"","","",4.3,"","",1.05,"","","",7,"","",Trailing hose,38.0501990840774,t/ha,None,"","","","","",grass,8
G2013-16b,G2013-16b,292-Kamerik,003,"",1452,"","",NL,"","","","","","",clay,"",,"","","","","",dairy,"","","",None,"","","",8.7,"","",2.095,"","","",7.1,"","",Trailing hose,18.0440771349862,t/ha,None,"","","","","",grass,8.5
G2013-16b,G2013-16b,Kamerik,004,"",1439.4,"","",NL,"","","","","","",clay,"",,"","","","","",dairy,"","","",Diluted,"","","",4.5,"","",1.0635,"","","",7.2,"","",Trailing hose,36.9598443796026,t/ha,None,"","","","","",grass,8.5
G2013-24a,G2013-24a,293-Zegveld,001,"",1656.5,"","",NL,"","","","","","",peat,"",,"","","","","",dairy,"","","",None,"","","",7.3,"","",1.523,"","","",6.7,"","",Trailing hose,20.1629942650166,t/ha,None,"","","","","",grass,6
G2013-24a,G2013-24a,Zegveld,002,"",1444.2,"","",NL,"","","","","","",peat,"",,"","","","","",dairy,"","","",Diluted,"","","",3.4,"","",0.75,"","","",6.7,"","",Trailing hose,36.3523057748234,t/ha,None,"","","","","",grass,6
G2013-24b,G2013-24b,294-Zegveld,003,"",1580.85,"","",NL,"","","","","","",peat,"",,"","","","","",dairy,"","","",None,"","","",7.5,"","",1.53,"","","",6.7,"","",Trailing hose,21.5074168959737,t/ha,None,"","","","","",grass,7.5
G2013-24b,G2013-24b,Zegveld,004,"",1468.2,"","",NL,"","","","","","",peat,"",,"","","","","",dairy,"","","",Diluted,"","","",3.4,"","",0.751,"","","",6.7,"","",Trailing hose,36.6435090587113,t/ha,None,"","","","","",grass,7.5
G2014-11a,G2014-11a,299-Kamerik,001,"",1770.496,"","",NL,"","","","","","",clay,"",,"","","","","",dairy,"","","",None,"","","",9.5,"","",2.24,"","","",7,"","",Trailing hose,26.2073452862927,t/ha,None,"","","","","",grass,7.6
G2014-11a,G2014-11a,Kamerik,002,"",1421.7,"","",NL,"","","","","","",clay,"",,"","","","","",dairy,"","","",Diluted,"","","",6,"","",1.39,"","","",7,"","",Trailing hose,26.5878877400295,t/ha,None,"","","","","",grass,9.6
G2014-12a,G2014-12a,300-Kamerik,003,"",1749.54,"","",NL,"","","","","","",clay,"",,"","","","","",dairy,"","","",None,"","","",9.1,"","",2.22,"","","",7,"","",Trailing hose,20.6911531031014,t/ha,None,"","","","","",grass,8.8
G2014-12a,G2014-12a,Kamerik,004,"",1430.1,"","",NL,"","","","","","",clay,"",,"","","","","",dairy,"","","",Diluted,"","","",5.9,"","",1.44,"","","",7.1,"","",Trailing hose,31.6061813859171,t/ha,None,"","","","","",grass,12.2
G2014-12b,G2014-12b,301-Zegveld,001,"",1722.24,"","",NL,"","","","","","",peat,"",,"","","","","",dairy,"","","",None,"","","",5.4,"","",1.7,"","","",7,"","",Trailing hose,21.9481605351171,t/ha,None,"","","","","",grass,5.8
G2014-12b,G2014-12b,Zegveld,002,"",1389.24,"","",NL,"","","","","","",peat,"",,"","","","","",dairy,"","","",Diluted,"","","",3.8,"","",1.14,"","","",7.2,"","",Trailing hose,36.9986467421036,t/ha,None,"","","","","",grass,5.2
G2014-13,G2014-13,302-Zegveld,003,"",1748.5,"","",NL,"","","","","","",peat,"",,"","","","","",dairy,"","","",None,"","","",5.2,"","",1.62,"","","",7.1,"","",Trailing hose,21.1609951386903,t/ha,None,"","","","","",grass,7.5
G2014-13,G2014-13,Zegveld,004,"",1423.8,"","",NL,"","","","","","",peat,"",,"","","","","",dairy,"","","",Diluted,"","","",3.5,"","",1.06,"","","",7.2,"","",Trailing hose,34.9768225874421,t/ha,None,"","","","","",grass,6.6
G2014-17,G2014-17,303-Kamerik,001,"",1769.3,"","",NL,"","","","","","",clay,"",,"","","","","",dairy,"","","",None,"","","",9.6,"","",2.21,"","","",7.1,"","",Trailing hose,20.2339908438365,t/ha,None,"","","","","",grass,6.5
G2014-17,G2014-17,Kamerik,002,"",1405.68,"","",NL,"","","","","","",clay,"",,"","","","","",dairy,"","","",Diluted,"","","",6.1,"","",1.47,"","","",7.2,"","",Trailing hose,32.8666552842752,t/ha,None,"","","","","",grass,6.5
G2014-18a,G2014-18a,304-Kamerik,003,"",1714.336,"","",NL,"","","","","","",clay,"",,"","","","","",dairy,"","","",None,"","","",9.4,"","",2.22,"","","",7,"","",Trailing hose,19.0161088608067,t/ha,None,"","","","","",grass,7.6
G2014-18a,G2014-18a,Kamerik,004,"",1412.64,"","",NL,"","","","","","",clay,"",,"","","","","",dairy,"","","",Diluted,"","","",5.8,"","",1.48,"","","",7.3,"","",Trailing hose,31.855249745158,t/ha,None,"","","","","",grass,8
G2014-20,G2014-20,305-Zegveld,001,"",1734.304,"","",NL,"","","","","","",peat,"",,"","","","","",dairy,"","","",None,"","","",7.2,"","",1.76,"","","",7.2,"","",Trailing hose,20.5269664372567,t/ha,None,"","","","","",grass,5
G2014-20,G2014-20,Zegveld,002,"",1388.88,"","",NL,"","","","","","",peat,"",,"","","","","",dairy,"","","",Diluted,"","","",4.8,"","",1.16,"","","",7.2,"","",Trailing hose,31.8242036749035,t/ha,None,"","","","","",grass,5
G2014-21,G2014-21,306-Zegveld,003,"",1716.676,"","",NL,"","","","","","",peat,"",,"","","","","",dairy,"","","",None,"","","",7.2,"","",1.71,"","","",7.2,"","",Trailing hose,18.4076669097721,t/ha,None,"","","","","",grass,6
G2014-21,G2014-21,Zegveld,004,"",1467.48,"","",NL,"","","","","","",peat,"",,"","","","","",dairy,"","","",Diluted,"","","",4.5,"","",1.09,"","","",7.3,"","",Trailing hose,26.9850355711832,t/ha,None,"","","","","",grass,6
G2014-18b,G2014-18b,Kamerik,001,"",1412.6,"","",NL,"","","","","","",clay,"",,"","","","","",dairy,"","","",Acidified,"","","",9.3,"","",2.19,"","","",6,"","",Trailing hose,22.3700976921988,t/ha,None,"","","","","",grass,10.7
G2014-18b,G2014-18b,Kamerik,002,"",1390.2,"","",NL,"","","","","","",clay,"",,"","","","","",dairy,"","","",Acidified,"","","",9.15,"","",2.155,"","","",6.6,"","",Trailing hose,21.8673572147892,t/ha,None,"","","","","",grass,8.7
G2014-18b,G2014-18b,295-Kamerik,003,"",1350.6,"","",NL,"","","","","","",clay,"",,"","","","","",dairy,"","","",None,"","","",9.1,"","",2.155,"","","",7.1,"","",Trailing hose,23.5450910706353,t/ha,None,"","","","","",grass,9.8
G2014-19,G2014-19,Kamerik,001,"",1448.86,"","",NL,"","","","","","",clay,"",,"","","","","",dairy,"","","",Acidified,"","","",8.57,"","",2,"","","",6.1,"","",Trailing hose,19.8776969479453,t/ha,None,"","","","","",grass,12
G2014-19,G2014-19,Kamerik,002,"",1412.6,"","",NL,"","","","","","",clay,"",,"","","","","",dairy,"","","",Acidified,"","","",8.43,"","",1.98,"","","",6.6,"","",Trailing hose,19.8216055500496,t/ha,None,"","","","","",grass,11.2
G2014-19,G2014-19,296-Kamerik,003,"",1426.2,"","",NL,"","","","","","",clay,"",,"","","","","",dairy,"","","",None,"","","",9,"","",2.11,"","","",7.1,"","",Trailing hose,21.3153835366709,t/ha,None,"","","","","",grass,11.4
G2014-23a,G2014-23a,Kamerik,001,"",1466.5,"","",NL,"","","","","","",clay,"",,"","","","","",dairy,"","","",Acidified,"","","",8.17,"","",1.93,"","","",6.5,"","",Trailing hose,20.1841118308899,t/ha,None,"","","","","",grass,5.3
G2014-23a,G2014-23a,Kamerik,002,"",1462.51,"","",NL,"","","","","","",clay,"",,"","","","","",dairy,"","","",Acidified,"","","",7.99,"","",1.9,"","","",7.1,"","",Trailing hose,19.8289242466718,t/ha,None,"","","","","",grass,4.9
G2014-23a,G2014-23a,297-Kamerik,003,"",1415.7,"","",NL,"","","","","","",clay,"",,"","","","","",dairy,"","","",None,"","","",8.1,"","",1.89,"","","",7.2,"","",Trailing hose,21.6147488874762,t/ha,None,"","","","","",grass,5.1
G2014-23b,G2014-23b,Kamerik,001,"",1448.79,"","",NL,"","","","","","",clay,"",,"","","","","",dairy,"","","",Acidified,"","","",8.38,"","",2,"","","",6.5,"","",Trailing hose,20.5688885207656,t/ha,None,"","","","","",grass,5.5
G2014-23b,G2014-23b,Kamerik,002,"",1473.22,"","",NL,"","","","","","",clay,"",,"","","","","",dairy,"","","",Acidified,"","","",8.27,"","",1.98,"","","",7,"","",Trailing hose,20.3635573777168,t/ha,None,"","","","","",grass,5.7
G2014-23b,G2014-23b,298-Kamerik,003,"",1417.68,"","",NL,"","","","","","",clay,"",,"","","","","",dairy,"","","",None,"","","",8.3,"","",2.02,"","","",7.1,"","",Trailing hose,20.8791828903561,t/ha,None,"","","","","",grass,5
G2015-35,G2015-35,Kamerik,001,"",1368,"","",NL,"","","","","","",clay,"",,"","","","","",dairy,"","","",Irrigated,"","","",5.2,"","",1.4895,"","","",7.5,"","",Broadcast,20.0292397660819,t/ha,None,"","","","","",grass,6.7
G2015-35,G2015-35,Kamerik,002,"",1534.46,"","",NL,"","","","","","",clay,"",,"","","","","",dairy,"","","",None,"","","",5.4,"","",1.472,"","","",7.4,"","",Open slot injection,23.7868696479543,t/ha,None,"","","","","",grass,7.5
G2016-13,G2016-13,Kamerik,001,"",1342.02484,"","",NL,"","","","","","",clay,"",,"","","","","",dairy,"","","",Irrigated,"","","",8.9,"","",2.051,"","","",7.2,"","",Broadcast,17.4363389577797,t/ha,None,"","","","","",grass,4.1
G2016-13,G2016-13,Kamerik,002,"",1308.48,"","",NL,"","","","","","",clay,"",,"","","","","",dairy,"","","",None,"","","",8.7,"","",2.082,"","","",7.3,"","",Open slot injection,20.787478601125,t/ha,None,"","","","","",grass,5.4
G2016-26,G2016-26,Kamerik,001,"",1647.061,"","",NL,"","","","","","",clay,"",,"","","","","",dairy,"","","",Irrigated,"","","",8.8,"","",1.953,"","","",7.4,"","",Broadcast,18.5785468783488,t/ha,None,"","","","","",grass,6.1
G2016-26,G2016-26,Kamerik,002,"",1503.534,"","",NL,"","","","","","",clay,"",,"","","","","",dairy,"","","",None,"","","",8.5,"","",1.929,"","","",7.4,"","",Open slot injection,21.6822499524454,t/ha,None,"","","","","",grass,6.4
G2016-26,G2016-26,Kamerik,003,"",1578.963,"","",NL,"","","","","","",clay,"",,"","","","","",dairy,"","","",None,"","","",8.6,"","",1.929,"","","",7.4,"","",Open slot injection,21.1531239174066,t/ha,None,"","","","","",grass,6.4
G2016-27,G2016-27,Kamerik,001,"",1498.00875,"","",NL,"","","","","","",clay,"",,"","","","","",dairy,"","","",Irrigated,"","","",8.6,"","",1.967,"","","",7.2,"","",Broadcast,15.3537153905142,t/ha,None,"","","","","",grass,5.4
G2016-27,G2016-27,Kamerik,002,"",1363.68,"","",NL,"","","","","","",clay,"",,"","","","","",dairy,"","","",None,"","","",8.6,"","",1.924,"","","",7.2,"","",Open slot injection,20.6793382611756,t/ha,None,"","","","","",grass,5.1
G2016-34,G2016-34,Kamerik,001,"",1720.355,"","",NL,"","","","","","",clay,"",,"","","","","",dairy,"","","",Irrigated,"","","",5.5,"","",1.48,"","","",7.4,"","",Broadcast,22.7859947510834,t/ha,None,"","","","","",grass,6.5
G2016-34,G2016-34,Kamerik,002,"",1555.473,"","",NL,"","","","","","",clay,"",,"","","","","",dairy,"","","",None,"","","",5.7,"","",1.544,"","","",7.4,"","",Open slot injection,19.8010508700569,t/ha,None,"","","","","",grass,6
G2016-34,G2016-34,Kamerik,003,"",1598.538,"","",NL,"","","","","","",clay,"",,"","","","","",dairy,"","","",None,"","","",5.7,"","",1.544,"","","",7.4,"","",Open slot injection,20.2685203604794,t/ha,None,"","","","","",grass,5.8
G2016-14,G2016-14,Zegveld,001,"",1519.248,"","",NL,"","","","","","",peat,"",,"","","","","",dairy,"","","",Diluted,"","","",5.6,"","",1.306,"","","",7.3,"","",Trailing hose,35.5439006666456,t/ha,None,"","","","","",grass,4.9
G2016-14,G2016-14,307-Zegveld,002,"",1253.772,"","",NL,"","","","","","",peat,"",,"","","","","",dairy,"","","",None,"","","",8.76,"","",2.004,"","","",7.2,"","",Trailing hose,22.8909243466914,t/ha,None,"","","","","",grass,6.3
G2016-14,G2016-14,Zegveld,003,"",1295.268,"","",NL,"","","","","","",peat,"",,"","","","","",dairy,"","","",Diluted,"","","",7,"","",1.61,"","","",7.2,"","",Trailing hose,24.2420873518067,t/ha,None,"","","","","",grass,8.5
G2016-20,G2016-20,308-Kamerik,001,"",1445.392,"","",NL,"","","","","","",clay,"",,"","","","","",dairy,"","","",None,"","","",9.03,"","",2.172,"","","",7.2,"","",Trailing hose,26.2904457752637,t/ha,None,"","","","","",grass,7.4
G2016-20,G2016-20,Kamerik,002,"",1708.658,"","",NL,"","","","","","",clay,"",,"","","","","",dairy,"","","",Diluted,"","","",5.1,"","",1.273,"","","",7.2,"","",Trailing hose,35.3493794545193,t/ha,None,"","","","","",grass,7.7
G2016-20,G2016-20,Kamerik,003,"",1411.8,"","",NL,"","","","","","",clay,"",,"","","","","",dairy,"","","",Diluted,"","","",7.1,"","",1.724,"","","",7.1,"","",Trailing hose,20.9661425131038,t/ha,None,"","","","","",grass,7.1
G2016-21,G2016-21,Zegveld,002,"",1325.012,"","",NL,"","","","","","",peat,"",,"","","","","",dairy,"","","",Diluted,"","","",7.1,"","",1.309,"","","",7,"","",Trailing hose,23.3205435120588,t/ha,None,"","","","","",grass,6.7
G2016-21,G2016-21,Zegveld,003,"",1387.048,"","",NL,"","","","","","",peat,"",,"","","","","",dairy,"","","",Diluted,"","","",5.7,"","",1.103,"","","",7.1,"","",Trailing hose,28.9103188930736,t/ha,None,"","","","","",grass,8.6
G2016-33,G2016-33,309-Kamerik,001,"",1490.58,"","",NL,"","","","","","",clay,"",,"","","","","",dairy,"","","",None,"","","",5.1,"","",1.7715,"","","",7.5,"","",Trailing hose,21.8706812113406,t/ha,None,"","","","","",grass,5.7
G2016-33,G2016-33,Kamerik,002,"",1698.49,"","",NL,"","","","","","",clay,"",,"","","","","",dairy,"","","",Diluted,"","","",3.5,"","",1.1725,"","","",7.4,"","",Trailing hose,24.0213365989791,t/ha,None,"","","","","",grass,5.7
G2016-33,G2016-33,Kamerik,003,"",1397.76,"","",NL,"","","","","","",clay,"",,"","","","","",dairy,"","","",Diluted,"","","",4.2,"","",1.424,"","","",7.4,"","",Trailing hose,27.4725274725275,t/ha,None,"","","","","",grass,5.8
G2017-20a,G2017-20a,Kamerik,001,"",1274,"","",NL,"","","","","","",clay,"",,"","","","","",dairy,"","","",Diluted,"","","",4.9,"","",1.293,"","","",7.2,"","",Trailing hose,24.8037676609105,t/ha,None,"","","","","",grass,6.8
G2017-20a,G2017-20a,310-Kamerik,002,"",1230.32,"","",NL,"","","","","","",clay,"",,"","","","","",dairy,"","","",None,"","","",6.8,"","",1.816,"","","",7.2,"","",Trailing hose,21.4578321087197,t/ha,None,"","","","","",grass,6.6
G2017-20b,G2017-20b,Kamerik,001,"",1331.044,"","",NL,"","","","","","",clay,"",,"","","","","",dairy,"","","",Diluted,"","","",5.1,"","",1.381,"","","",7.3,"","",Trailing hose,27.0464387353085,t/ha,None,"","","","","",grass,7.9
G2017-20b,G2017-20b,311-Kamerik,002,"",1249.352,"","",NL,"","","","","","",clay,"",,"","","","","",dairy,"","","",None,"","","",6.8,"","",1.866,"","","",7.2,"","",Trailing hose,20.6507053256408,t/ha,None,"","","","","",grass,9.3
G2017-25,G2017-25,Kamerik,001,"",1300.52,"","",NL,"","","","","","",clay,"",,"","","","","",dairy,"","","",Diluted,"","","",5.6,"","",1.108,"","","",6.9,"","",Trailing hose,19.53064927875,t/ha,None,"","","","","",grass,6.4
G2017-25,G2017-25,312-Kamerik,002,"",1247.22,"","",NL,"","","","","","",clay,"",,"","","","","",dairy,"","","",None,"","","",7.4,"","",1.4795,"","","",6.9,"","",Trailing hose,17.3185163804301,t/ha,None,"","","","","",grass,6.7
G2017-35,G2017-35,Kamerik,001,"",1347.84,"","",NL,"","","","","","",clay,"",,"","","","","",dairy,"","","",Diluted,"","","",4,"","",1.026,"","","",7.3,"","",Trailing hose,27.4513295346629,t/ha,None,"","","","","",grass,5.6
G2017-35,G2017-35,313-Kamerik,002,"",1291.68,"","",NL,"","","","","","",clay,"",,"","","","","",dairy,"","","",None,"","","",5,"","",1.355,"","","",7.4,"","",Trailing hose,21.9868698129568,t/ha,None,"","","","","",grass,6.3
G2020-21,G2020-21,Wageningen,001,"",1572.612,"","",NL,"","","","","","",sand,"",,"","","","","",dairy,"","","",None,"","","",9.36478226083873,"","",2.395,"","","",,"","",Open slot injection,18.1863040597426,t/ha,None,"","","","","",grass,7.6
G2020-21,G2020-21,Wageningen,002,"",1539.9,"","",NL,"","","","","","",sand,"",,"","","","","",dairy,"","","",Diluted,"","","",6.20734138022277,"","",1.634,"","","",,"","",Open slot injection,28.1836482888499,t/ha,None,"","","","","",grass,8.2
G2020-22,G2020-22,Wageningen,003,"",1519.02,"","",NL,"","","","","","",sand,"",,"","","","","",dairy,"","","",None,"","","",9.35460287060304,"","",2.425,"","","",,"","",Open slot injection,16.5896433226686,t/ha,None,"","","","","",grass,8
G2020-22,G2020-22,Wageningen,004,"",1553.82,"","",NL,"","","","","","",sand,"",,"","","","","",dairy,"","","",Diluted,"","","",6.24306708664765,"","",1.674,"","","",,"","",Open slot injection,25.7430075555727,t/ha,None,"","","","","",grass,8.4
G2020-27,G2020-27,Wageningen,001,"",1588.185,"","",NL,"","","","","","",sand,"",,"","","","","",dairy,"","","",None,"","","",8.35975530280748,"","",2.195,"","","",,"","",Open slot injection,18.5116973148594,t/ha,None,"","","","","",grass,9.5
G2020-27,G2020-27,Wageningen,002,"",1594.362,"","",NL,"","","","","","",sand,"",,"","","","","",dairy,"","","",Diluted,"","","",5.58379282519442,"","",1.528,"","","",,"","",Open slot injection,28.0990139002309,t/ha,None,"","","","","",grass,9
G2020-28,G2020-28,Wageningen,003,"",1628.814,"","",NL,"","","","","","",sand,"",,"","","","","",dairy,"","","",None,"","","",8.09013982319614,"","",2.164,"","","",,"","",Open slot injection,17.9271543589385,t/ha,None,"","","","","",grass,9.7
G2020-28,G2020-28,Wageningen,004,"",1612.11,"","",NL,"","","","","","",sand,"",,"","","","","",dairy,"","","",Diluted,"","","",5.35492762908826,"","",1.496,"","","",,"","",Open slot injection,28.4099720242415,t/ha,None,"","","","","",grass,10.2
G2021-12,G2021-12,Wageningen,001,"",1565.28,"","",NL,"","","","","","",sand,"",,"","","","","",dairy,"","","",None,"","","",5.76729710095512,"","",2.054,"","","",,"","",Open slot injection,18.9103546969232,t/ha,None,"","","","","",grass,
G2021-12,G2021-12,Wageningen,002,"",1543.392,"","",NL,"","","","","","",sand,"",,"","","","","",dairy,"","","",Diluted,"","","",4.0024138944822,"","",1.447,"","","",,"","",Open slot injection,27.6015425763513,t/ha,None,"","","","","",grass,
G2021-13,G2021-13,Wageningen,003,"",1537.488,"","",NL,"","","","","","",sand,"",,"","","","","",dairy,"","","",None,"","","",5.83112264,"","",2.06,"","","",,"","",Open slot injection,18.4716888847263,t/ha,None,"","","","","",grass,
G2021-13,G2021-13,Wageningen,004,"",1537.272,"","",NL,"","","","","","",sand,"",,"","","","","",dairy,"","","",Diluted,"","","",4.183477743,"","",1.471,"","","",,"","",Open slot injection,27.5813258811713,t/ha,None,"","","","","",grass,
G2021-23,G2021-23,Wageningen,001,"",1495.9,"","",NL,"","","","","","",sand,"",,"","","","","",dairy,"","","",None,"","","",9.41678028130285,"","",2.67,"","","",,"","",Open slot injection,18.5841299552109,t/ha,None,"","","","","",grass,7
G2021-23,G2021-23,Wageningen,002,"",1587.3,"","",NL,"","","","","","",sand,"",,"","","","","",dairy,"","","",Diluted,"","","",6.32743057894727,"","",1.783,"","","",,"","",Open slot injection,28.8540288540289,t/ha,None,"","","","","",grass,7
G2021-29,G2021-29,Wageningen,003,"",1502.3,"","",NL,"","","","","","",sand,"",,"","","","","",dairy,"","","",None,"","","",6.13365889636499,"","",1.783,"","","",,"","",Open slot injection,19.0374758703322,t/ha,None,"","","","","",grass,9.8
G2021-29,G2021-29,Wageningen,004,"",1516.5,"","",NL,"","","","","","",sand,"",,"","","","","",dairy,"","","",Diluted,"","","",4.1455,"","",1.242,"","","",,"","",Open slot injection,28.3547642598088,t/ha,None,"","","","","",grass,11
G2021-45,G2021-45,Wageningen,001,"",1611.45,"","",NL,"","","","","","",sand,"",,"","","","","",dairy,"","","",None,"","","",6.90586157896611,"","",1.726,"","","",,"","",Open slot injection,17.4997672903286,t/ha,None,"","","","","",grass,7.6
