"pmid","pid","oid","row.in.file.int","interval","t.start","t.end","t.start.orig","t.end.orig","dt","dt.calc","dt.diff","ct","mt","cta","bta","bg.dl","bg.val","bg.unit","MOL","ustar","rl","air.pres","air.pres.unit","j.NH3","j.rel","e.int","e.cum","e.rel","air.temp","soil.temp","soil.temp.surf","pH.surf","rad","wind","wind.2m","soil.temp.z.int","air.temp.z.int","wind.z.int","wind.loc.int","far.loc.int","rain","rain.rate","rain.cum","rh","notes.int","flag.int","exper","file"
NA,NA,NA,NA,NA,NA,NA,NA,NA,NA,NA,NA,NA,NA,NA,NA,NA,NA,NA,NA,NA,NA,NA,NA,NA,NA,NA,NA,NA,NA,NA,NA,NA,NA,NA,NA,NA,NA,NA,NA,NA,NA,NA,NA,NA,NA,NA,NA,NA
NA,NA,NA,NA,NA,NA,NA,NA,NA,NA,NA,NA,NA,NA,NA,NA,NA,NA,NA,NA,NA,NA,NA,NA,NA,NA,NA,NA,NA,NA,NA,NA,NA,NA,NA,NA,NA,NA,NA,NA,NA,NA,NA,NA,NA,NA,NA,NA,NA
NA,NA,NA,NA,NA,NA,NA,NA,NA,NA,NA,NA,NA,NA,NA,NA,NA,NA,NA,NA,NA,NA,NA,NA,NA,NA,NA,NA,NA,NA,NA,NA,NA,NA,NA,NA,NA,NA,NA,NA,NA,NA,NA,NA,NA,NA,NA,NA,NA
NA,NA,NA,NA,NA,NA,NA,NA,NA,NA,NA,NA,NA,NA,NA,NA,NA,NA,NA,NA,NA,NA,NA,NA,NA,NA,NA,NA,NA,NA,NA,NA,NA,NA,NA,NA,NA,NA,NA,NA,NA,NA,NA,NA,NA,NA,NA,NA,NA
1939,1935,36482,5,1,2021-08-20 11:05:00,2021-08-20 18:13:00,"20/08/2021 11:05","20/08/2021 11:05",7.1,7.1333,-0.033333,7.1,3.55,7.25,0.11667,NA,0.98899,"mg NH3 /m3",NA,NA,NA,NA,NA,2.1386,0.030549,15.184,15.184,0.2169,16.5269230769231,NA,NA,NA,NA,NA,3.17919230769231,NA,2,NA,NA,NA,0,0,0,NA,NA,"","eGylle2","../../data-submitted/03/AU/ALFAM2_template_7_0_eGylle_NL_DE_JK.xlsx"
1939,1935,36483,6,2,2021-08-20 18:13:00,2021-08-21 07:32:00,"20/08/2021 18:13","20/08/2021 18:13",13.3,13.317,-0.016667,20.4,13.75,20.567,7.25,NA,0.34085,"mg NH3 /m3",NA,NA,NA,NA,NA,0.16183,0.0023117,2.1523,17.336,0.24764,11.6384615384615,NA,NA,NA,NA,NA,1.18744538461538,NA,2,NA,NA,NA,0,0.0153846153846154,0,NA,NA,"","eGylle2","../../data-submitted/03/AU/ALFAM2_template_7_0_eGylle_NL_DE_JK.xlsx"
1939,1935,36484,7,3,2021-08-21 07:32:00,2021-08-21 18:41:00,"21/08/2021 07:32","21/08/2021 07:32",11.2,11.15,0.05,31.6,26,31.717,20.567,NA,-0.4769,"mg NH3 /m3",NA,NA,NA,NA,NA,0.25772,0.0036814,2.8865,20.223,0.28887,15.947619047619,NA,NA,NA,NA,NA,1.7229619047619,NA,2,NA,NA,NA,0,0,0,NA,NA,"","eGylle2","../../data-submitted/03/AU/ALFAM2_template_7_0_eGylle_NL_DE_JK.xlsx"
1939,1935,36485,8,4,2021-08-21 18:41:00,2021-08-22 07:33:00,"21/08/2021 18:41","21/08/2021 18:41",12.9,12.867,0.033333,44.5,38.05,44.583,31.717,NA,2.5668,"mg NH3 /m3",NA,NA,NA,NA,NA,0.027074,0.00038675,0.34926,20.572,0.29386,10.618,NA,NA,NA,NA,NA,0.36688864,NA,2,NA,NA,NA,0,0.008,0,NA,NA,"","eGylle2","../../data-submitted/03/AU/ALFAM2_template_7_0_eGylle_NL_DE_JK.xlsx"
1939,1935,36486,9,5,2021-08-22 07:33:00,2021-08-22 18:38:00,"22/08/2021 07:33","22/08/2021 07:33",11.1,11.083,0.016667,55.6,50.05,55.667,44.583,NA,2.6409,"mg NH3 /m3",NA,NA,NA,NA,NA,0.18384,0.0026261,2.0406,22.612,0.32301,18.0547619047619,NA,NA,NA,NA,NA,2.27917857142857,NA,2,NA,NA,NA,0,0,0,NA,NA,"","eGylle2","../../data-submitted/03/AU/ALFAM2_template_7_0_eGylle_NL_DE_JK.xlsx"
1939,1935,36487,10,6,2021-08-22 18:38:00,2021-08-23 07:40:00,"22/08/2021 18:38","22/08/2021 18:38",13,13.033,-0.033333,68.6,62.1,68.7,55.667,NA,0.68359,"mg NH3 /m3",NA,NA,NA,NA,NA,0.010047,0.00014351,0.13061,22.743,0.32488,10.736,NA,NA,NA,NA,NA,0.463158,NA,2,NA,NA,NA,0,0,0,NA,NA,"","eGylle2","../../data-submitted/03/AU/ALFAM2_template_7_0_eGylle_NL_DE_JK.xlsx"
1939,1935,36488,11,7,2021-08-23 07:40:00,2021-08-23 19:18:00,"23/08/2021 07:40","23/08/2021 07:40",11.6,11.633,-0.033333,80.2,74.4,80.333,68.7,NA,2.3479,"mg NH3 /m3",NA,NA,NA,NA,NA,0.060461,0.00086366,0.70134,23.444,0.3349,18.9295454545455,NA,NA,NA,NA,NA,1.32569272727273,NA,2,NA,NA,NA,0,0,0,NA,NA,"","eGylle2","../../data-submitted/03/AU/ALFAM2_template_7_0_eGylle_NL_DE_JK.xlsx"
1939,1935,36489,12,8,2021-08-23 19:18:00,2021-08-24 07:24:00,"23/08/2021 19:18","23/08/2021 19:18",12.1,12.1,0,92.3,86.25,92.433,80.333,NA,-0.2349,"mg NH3 /m3",NA,NA,NA,NA,NA,0.002021,2.887e-05,0.024454,23.469,0.33525,12.4086956521739,NA,NA,NA,NA,NA,0.559651739130435,NA,2,NA,NA,NA,0,0,0,NA,NA,"","eGylle2","../../data-submitted/03/AU/ALFAM2_template_7_0_eGylle_NL_DE_JK.xlsx"
1939,1935,36490,13,9,2021-08-24 07:24:00,2021-08-24 18:58:00,"24/08/2021 07:24","24/08/2021 07:24",11.6,11.567,0.033333,103.9,98.1,104,92.433,NA,2.0925,"mg NH3 /m3",NA,NA,NA,NA,NA,0.042626,0.0006089,0.49446,23.963,0.34231,17.8090909090909,NA,NA,NA,NA,NA,1.90775454545455,NA,2,NA,NA,NA,0,0,0,NA,NA,"","eGylle2","../../data-submitted/03/AU/ALFAM2_template_7_0_eGylle_NL_DE_JK.xlsx"
1939,1935,36491,14,10,2021-08-24 18:58:00,2021-08-25 07:28:00,"24/08/2021 18:58","24/08/2021 18:58",12.5,12.5,0,116.4,110.15,116.5,104,NA,0.19623,"mg NH3 /m3",NA,NA,NA,NA,NA,0.0085928,0.00012275,0.10741,24.071,0.34384,14.4166666666667,NA,NA,NA,NA,NA,3.17975416666667,NA,2,NA,NA,NA,0,0,0,NA,NA,"","eGylle2","../../data-submitted/03/AU/ALFAM2_template_7_0_eGylle_NL_DE_JK.xlsx"
1939,1935,36492,15,11,2021-08-25 07:28:00,2021-08-25 19:02:00,"25/08/2021 07:28","25/08/2021 07:28",11.6,11.567,0.033333,128,122.2,128.07,116.5,NA,-0.19844,"mg NH3 /m3",NA,NA,NA,NA,NA,0.016124,0.00023032,0.18703,24.258,0.34651,17.8086956521739,NA,NA,NA,NA,NA,4.05537391304348,NA,2,NA,NA,NA,0,0.00869565217391304,0,NA,NA,"","eGylle2","../../data-submitted/03/AU/ALFAM2_template_7_0_eGylle_NL_DE_JK.xlsx"
1939,1935,36493,16,12,2021-08-25 19:02:00,2021-08-26 10:32:00,"25/08/2021 19:02","25/08/2021 19:02",15.5,15.5,0,143.5,135.75,143.57,128.07,NA,1.3676,"mg NH3 /m3",NA,NA,NA,NA,NA,-0.0016923,-2.4174e-05,-0.02623,24.232,0.34614,13.6833333333333,NA,NA,NA,NA,NA,2.37242033333333,NA,2,NA,NA,NA,0,0,0,NA,NA,"","eGylle2","../../data-submitted/03/AU/ALFAM2_template_7_0_eGylle_NL_DE_JK.xlsx"
1939,1935,36494,17,13,2021-08-26 10:32:00,2021-08-26 18:53:00,"26/08/2021 10:32","26/08/2021 10:32",8.4,8.35,0.05,151.9,147.7,151.92,143.57,NA,3.5074,"mg NH3 /m3",NA,NA,NA,NA,NA,0.010999,0.00015712,0.092392,24.324,0.34746,15.2033333333333,NA,NA,NA,NA,NA,4.20346666666667,NA,2,NA,NA,NA,0,0,0,NA,NA,"","eGylle2","../../data-submitted/03/AU/ALFAM2_template_7_0_eGylle_NL_DE_JK.xlsx"
1939,1935,36495,18,14,2021-08-26 18:53:00,2021-08-27 07:34:00,"26/08/2021 18:53","26/08/2021 18:53",12.7,12.683,0.016667,164.6,158.25,164.6,151.92,NA,0.77838,"mg NH3 /m3",NA,NA,NA,NA,NA,0.037225,0.00053175,0.47276,24.797,0.35421,14.182,NA,NA,NA,NA,NA,3.63902,NA,2,NA,NA,NA,0,0,0,NA,NA,"","eGylle2","../../data-submitted/03/AU/ALFAM2_template_7_0_eGylle_NL_DE_JK.xlsx"
1939,1935,36496,19,15,2021-08-27 07:34:00,2021-08-27 17:41:00,"27/08/2021 07:34","27/08/2021 07:34",10.1,10.117,-0.016667,174.7,169.65,174.72,164.6,NA,-0.03413,"mg NH3 /m3",NA,NA,NA,NA,NA,0.011847,0.00016923,0.11966,24.916,0.35592,15.2868421052632,NA,NA,NA,NA,NA,4.44801052631579,NA,2,NA,NA,NA,0,0.0105263157894737,0,NA,NA,"","eGylle2","../../data-submitted/03/AU/ALFAM2_template_7_0_eGylle_NL_DE_JK.xlsx"
1939,1935,36497,20,16,2021-08-27 17:41:00,2021-08-28 14:02:00,"27/08/2021 17:41","27/08/2021 17:41",20.3,20.35,-0.05,195,184.85,195.07,174.72,NA,0.17928,"mg NH3 /m3",NA,NA,NA,NA,NA,0.0027777,3.9679e-05,0.056388,24.973,0.35673,14.5275,NA,NA,NA,NA,NA,3.2374825,NA,2,NA,NA,NA,0,0,0,NA,NA,"","eGylle2","../../data-submitted/03/AU/ALFAM2_template_7_0_eGylle_NL_DE_JK.xlsx"
1939,1935,36498,21,17,2021-08-28 14:02:00,2021-08-29 08:15:00,"28/08/2021 14:02","28/08/2021 14:02",18.2,18.217,-0.016667,213.2,204.1,213.28,195.07,NA,0.035393,"mg NH3 /m3",NA,NA,NA,NA,NA,0.0020287,2.8979e-05,0.036922,25.01,0.35726,14.9928571428571,NA,NA,NA,NA,NA,2.36101142857143,NA,2,NA,NA,NA,0,0,0,NA,NA,"","eGylle2","../../data-submitted/03/AU/ALFAM2_template_7_0_eGylle_NL_DE_JK.xlsx"
1939,1935,36499,22,18,2021-08-29 08:15:00,2021-08-30 09:10:00,"29/08/2021 08:15","29/08/2021 08:15",24.9,24.917,-0.016667,238.1,225.65,238.2,213.28,NA,0.37382,"mg NH3 /m3",NA,NA,NA,NA,NA,0.00079214,1.1316e-05,0.019724,25.029,0.35754,15.5663265306122,NA,NA,NA,NA,NA,1.97492632653061,NA,2,NA,NA,NA,0,0,0,NA,NA,"","eGylle2","../../data-submitted/03/AU/ALFAM2_template_7_0_eGylle_NL_DE_JK.xlsx"
NA,NA,NA,NA,NA,NA,NA,NA,NA,NA,NA,NA,NA,NA,NA,NA,NA,NA,NA,NA,NA,NA,NA,NA,NA,NA,NA,NA,NA,NA,NA,NA,NA,NA,NA,NA,NA,NA,NA,NA,NA,NA,NA,NA,NA,NA,NA,NA,NA
1940,1936,36500,24,1,2021-08-20 11:07:00,2021-08-20 18:14:00,"20/08/2021 11:07","20/08/2021 11:07",7.1,7.1167,-0.016667,7.1,3.55,7.2667,0.15,NA,0.98899,"mg NH3 /m3",NA,NA,NA,NA,NA,2.4944,0.035632,17.71,17.71,0.25299,16.5269230769231,NA,NA,NA,NA,NA,3.17919230769231,NA,2,NA,NA,NA,0,0,0,NA,NA,"","eGylle2","../../data-submitted/03/AU/ALFAM2_template_7_0_eGylle_NL_DE_JK.xlsx"
1940,1936,36501,25,2,2021-08-20 18:14:00,2021-08-21 07:31:00,"20/08/2021 18:14","20/08/2021 18:14",13.3,13.283,0.016667,20.4,13.75,20.55,7.2667,NA,0.34085,"mg NH3 /m3",NA,NA,NA,NA,NA,0.1578,0.0022541,2.0987,19.809,0.28296,11.6384615384615,NA,NA,NA,NA,NA,1.18744538461538,NA,2,NA,NA,NA,0,0.0153846153846154,0,NA,NA,"","eGylle2","../../data-submitted/03/AU/ALFAM2_template_7_0_eGylle_NL_DE_JK.xlsx"
1940,1936,36502,26,3,2021-08-21 07:31:00,2021-08-21 18:39:00,"21/08/2021 07:31","21/08/2021 07:31",11.1,11.133,-0.033333,31.5,25.95,31.683,20.55,NA,-0.4769,"mg NH3 /m3",NA,NA,NA,NA,NA,0.22183,0.0031688,2.4624,22.271,0.31814,15.947619047619,NA,NA,NA,NA,NA,1.7229619047619,NA,2,NA,NA,NA,0,0,0,NA,NA,"","eGylle2","../../data-submitted/03/AU/ALFAM2_template_7_0_eGylle_NL_DE_JK.xlsx"
1940,1936,36503,27,4,2021-08-21 18:39:00,2021-08-22 07:33:00,"21/08/2021 18:39","21/08/2021 18:39",12.9,12.9,0,44.4,37.95,44.583,31.683,NA,2.5668,"mg NH3 /m3",NA,NA,NA,NA,NA,0.024022,0.00034314,0.30988,22.581,0.32257,10.618,NA,NA,NA,NA,NA,0.36688864,NA,2,NA,NA,NA,0,0.008,0,NA,NA,"","eGylle2","../../data-submitted/03/AU/ALFAM2_template_7_0_eGylle_NL_DE_JK.xlsx"
1940,1936,36504,28,5,2021-08-22 07:33:00,2021-08-22 18:36:00,"22/08/2021 07:33","22/08/2021 07:33",11.1,11.05,0.05,55.5,49.95,55.633,44.583,NA,2.6409,"mg NH3 /m3",NA,NA,NA,NA,NA,0.17351,0.0024785,1.9259,24.507,0.35008,18.0547619047619,NA,NA,NA,NA,NA,2.27917857142857,NA,2,NA,NA,NA,0,0,0,NA,NA,"","eGylle2","../../data-submitted/03/AU/ALFAM2_template_7_0_eGylle_NL_DE_JK.xlsx"
1940,1936,36505,29,6,2021-08-22 18:36:00,2021-08-23 07:40:00,"22/08/2021 18:36","22/08/2021 18:36",13.1,13.067,0.033333,68.6,62.05,68.7,55.633,NA,0.68359,"mg NH3 /m3",NA,NA,NA,NA,NA,0.0072715,0.00010387,0.095257,24.602,0.35144,10.736,NA,NA,NA,NA,NA,0.463158,NA,2,NA,NA,NA,0,0,0,NA,NA,"","eGylle2","../../data-submitted/03/AU/ALFAM2_template_7_0_eGylle_NL_DE_JK.xlsx"
1940,1936,36506,30,7,2021-08-23 07:40:00,2021-08-23 19:16:00,"23/08/2021 07:40","23/08/2021 07:40",11.6,11.6,0,80.2,74.4,80.3,68.7,NA,2.3479,"mg NH3 /m3",NA,NA,NA,NA,NA,0.063945,0.00091344,0.74176,25.344,0.36203,18.9295454545455,NA,NA,NA,NA,NA,1.32569272727273,NA,2,NA,NA,NA,0,0,0,NA,NA,"","eGylle2","../../data-submitted/03/AU/ALFAM2_template_7_0_eGylle_NL_DE_JK.xlsx"
1940,1936,36507,31,8,2021-08-23 19:16:00,2021-08-24 07:24:00,"23/08/2021 19:16","23/08/2021 19:16",12.1,12.133,-0.033333,92.3,86.25,92.433,80.3,NA,-0.2349,"mg NH3 /m3",NA,NA,NA,NA,NA,0.0017962,2.5659e-05,0.021734,25.366,0.36234,12.4086956521739,NA,NA,NA,NA,NA,0.559651739130435,NA,2,NA,NA,NA,0,0,0,NA,NA,"","eGylle2","../../data-submitted/03/AU/ALFAM2_template_7_0_eGylle_NL_DE_JK.xlsx"
1940,1936,36508,32,9,2021-08-24 07:24:00,2021-08-24 18:58:00,"24/08/2021 07:24","24/08/2021 07:24",11.6,11.567,0.033333,103.9,98.1,104,92.433,NA,2.0925,"mg NH3 /m3",NA,NA,NA,NA,NA,0.046567,0.0006652,0.54018,25.906,0.37006,17.8090909090909,NA,NA,NA,NA,NA,1.90775454545455,NA,2,NA,NA,NA,0,0,0,NA,NA,"","eGylle2","../../data-submitted/03/AU/ALFAM2_template_7_0_eGylle_NL_DE_JK.xlsx"
1940,1936,36509,33,10,2021-08-24 18:58:00,2021-08-25 07:26:00,"24/08/2021 18:58","24/08/2021 18:58",12.5,12.467,0.033333,116.4,110.15,116.47,104,NA,0.19623,"mg NH3 /m3",NA,NA,NA,NA,NA,0.012683,0.00018118,0.15854,26.065,0.37232,14.4166666666667,NA,NA,NA,NA,NA,3.17975416666667,NA,2,NA,NA,NA,0,0,0,NA,NA,"","eGylle2","../../data-submitted/03/AU/ALFAM2_template_7_0_eGylle_NL_DE_JK.xlsx"
1940,1936,36510,34,11,2021-08-25 07:26:00,2021-08-25 19:00:00,"25/08/2021 07:26","25/08/2021 07:26",11.6,11.567,0.033333,128,122.2,128.03,116.47,NA,-0.19844,"mg NH3 /m3",NA,NA,NA,NA,NA,0.015188,0.00021695,0.17618,26.241,0.37484,17.8086956521739,NA,NA,NA,NA,NA,4.05537391304348,NA,2,NA,NA,NA,0,0.00869565217391304,0,NA,NA,"","eGylle2","../../data-submitted/03/AU/ALFAM2_template_7_0_eGylle_NL_DE_JK.xlsx"
1940,1936,36511,35,12,2021-08-25 19:00:00,2021-08-26 10:34:00,"25/08/2021 19:00","25/08/2021 19:00",15.6,15.567,0.033333,143.6,135.8,143.6,128.03,NA,1.3676,"mg NH3 /m3",NA,NA,NA,NA,NA,-0.00047171,-6.7382e-06,-0.0073586,26.233,0.37474,13.841935483871,NA,NA,NA,NA,NA,2.34853903225806,NA,2,NA,NA,NA,0,0,0,NA,NA,"","eGylle2","../../data-submitted/03/AU/ALFAM2_template_7_0_eGylle_NL_DE_JK.xlsx"
1940,1936,36512,36,13,2021-08-26 10:34:00,2021-08-26 18:51:00,"26/08/2021 10:34","26/08/2021 10:34",8.3,8.2833,0.016667,151.9,147.75,151.88,143.6,NA,3.5074,"mg NH3 /m3",NA,NA,NA,NA,NA,0.018159,0.00025939,0.15072,26.384,0.37689,15.2033333333333,NA,NA,NA,NA,NA,4.20346666666667,NA,2,NA,NA,NA,0,0,0,NA,NA,"","eGylle2","../../data-submitted/03/AU/ALFAM2_template_7_0_eGylle_NL_DE_JK.xlsx"
1940,1936,36513,37,14,2021-08-26 18:51:00,2021-08-27 07:33:00,"26/08/2021 18:51","26/08/2021 18:51",12.7,12.7,0,164.6,158.25,164.58,151.88,NA,0.77838,"mg NH3 /m3",NA,NA,NA,NA,NA,0.010232,0.00014615,0.12994,26.514,0.37875,14.182,NA,NA,NA,NA,NA,3.63902,NA,2,NA,NA,NA,0,0,0,NA,NA,"","eGylle2","../../data-submitted/03/AU/ALFAM2_template_7_0_eGylle_NL_DE_JK.xlsx"
1940,1936,36514,38,15,2021-08-27 07:33:00,2021-08-27 17:40:00,"27/08/2021 07:33","27/08/2021 07:33",10.1,10.117,-0.016667,174.7,169.65,174.7,164.58,NA,-0.03413,"mg NH3 /m3",NA,NA,NA,NA,NA,0.007396,0.00010565,0.074699,26.589,0.37981,15.2868421052632,NA,NA,NA,NA,NA,4.44801052631579,NA,2,NA,NA,NA,0,0.0105263157894737,0,NA,NA,"","eGylle2","../../data-submitted/03/AU/ALFAM2_template_7_0_eGylle_NL_DE_JK.xlsx"
1940,1936,36515,39,16,2021-08-27 17:40:00,2021-08-28 14:00:00,"27/08/2021 17:40","27/08/2021 17:40",20.3,20.333,-0.033333,195,184.85,195.03,174.7,NA,0.17928,"mg NH3 /m3",NA,NA,NA,NA,NA,0.0031592,4.5129e-05,0.064133,26.653,0.38073,14.5275,NA,NA,NA,NA,NA,3.2374825,NA,2,NA,NA,NA,0,0,0,NA,NA,"","eGylle2","../../data-submitted/03/AU/ALFAM2_template_7_0_eGylle_NL_DE_JK.xlsx"
1940,1936,36516,40,17,2021-08-28 14:00:00,2021-08-29 08:13:00,"28/08/2021 14:00","28/08/2021 14:00",18.2,18.217,-0.016667,213.2,204.1,213.25,195.03,NA,0.035393,"mg NH3 /m3",NA,NA,NA,NA,NA,0.0020434,2.919e-05,0.03719,26.69,0.38126,15.0680555555556,NA,NA,NA,NA,NA,2.39911388888889,NA,2,NA,NA,NA,0,0,0,NA,NA,"","eGylle2","../../data-submitted/03/AU/ALFAM2_template_7_0_eGylle_NL_DE_JK.xlsx"
1940,1936,36517,41,18,2021-08-29 08:13:00,2021-08-30 09:09:00,"29/08/2021 08:13","29/08/2021 08:13",24.9,24.933,-0.033333,238.1,225.65,238.18,213.25,NA,0.37382,"mg NH3 /m3",NA,NA,NA,NA,NA,0.0017601,2.5143e-05,0.043827,26.734,0.38189,15.5663265306122,NA,NA,NA,NA,NA,1.97492632653061,NA,2,NA,NA,NA,0,0,0,NA,NA,"","eGylle2","../../data-submitted/03/AU/ALFAM2_template_7_0_eGylle_NL_DE_JK.xlsx"
NA,NA,NA,NA,NA,NA,NA,NA,NA,NA,NA,NA,NA,NA,NA,NA,NA,NA,NA,NA,NA,NA,NA,NA,NA,NA,NA,NA,NA,NA,NA,NA,NA,NA,NA,NA,NA,NA,NA,NA,NA,NA,NA,NA,NA,NA,NA,NA,NA
1941,1937,36518,43,1,2021-08-20 11:33:00,2021-08-20 13:52:00,"20/08/2021 11:33","20/08/2021 11:33",2.3167,2.3167,0,2.3167,1.1583,2.9,0.58333,NA,NA,NA,NA,NA,NA,NA,NA,0.23629,0.0033753,0.54741,0.54741,0.0078195,16.1,NA,NA,NA,NA,NA,2.72696666666667,NA,2,NA,NA,NA,0,0,0,NA,"Spot sample in time with no 'duration' at start of interval","","eGylle2","../../data-submitted/03/AU/ALFAM2_template_7_0_eGylle_NL_DE_JK.xlsx"
1941,1937,36519,44,2,2021-08-20 13:52:00,2021-08-20 15:50:00,"20/08/2021 13:52","20/08/2021 13:52",1.9667,1.9667,0,4.2833,3.3,4.8667,2.9,NA,NA,NA,NA,NA,NA,NA,NA,0.19526,0.0027892,0.38401,0.93142,0.013305,16.95,NA,NA,NA,NA,NA,3.28743333333333,NA,2,NA,NA,NA,0,0,0,NA,"Spot sample in time with no 'duration' at start of interval","","eGylle2","../../data-submitted/03/AU/ALFAM2_template_7_0_eGylle_NL_DE_JK.xlsx"
1941,1937,36520,45,3,2021-08-20 15:50:00,2021-08-20 18:27:00,"20/08/2021 15:50","20/08/2021 15:50",2.6167,2.6167,0,6.9,5.5917,7.4833,4.8667,NA,NA,NA,NA,NA,NA,NA,NA,0.2317,0.0033098,0.60629,1.5377,0.021966,16.5625,NA,NA,NA,NA,NA,3.4335,NA,2,NA,NA,NA,0,0,0,NA,"Spot sample in time with no 'duration' at start of interval","","eGylle2","../../data-submitted/03/AU/ALFAM2_template_7_0_eGylle_NL_DE_JK.xlsx"
1941,1937,36521,46,4,2021-08-20 18:27:00,2021-08-21 07:17:00,"20/08/2021 18:27","20/08/2021 18:27",12.833,12.833,0,19.733,13.317,20.317,7.4833,NA,NA,NA,NA,NA,NA,NA,NA,0.14181,0.0020258,1.8199,3.3577,0.047963,11.688,NA,NA,NA,NA,NA,1.2062684,NA,2,NA,NA,NA,0,0,0,NA,"Spot sample in time with no 'duration' at start of interval","","eGylle2","../../data-submitted/03/AU/ALFAM2_template_7_0_eGylle_NL_DE_JK.xlsx"
1941,1937,36522,47,5,2021-08-21 07:17:00,2021-08-21 10:18:00,"21/08/2021 07:17","21/08/2021 07:17",3.0167,3.0167,0,22.75,21.242,23.333,20.317,NA,NA,NA,NA,NA,NA,NA,NA,0.012074,0.00017248,0.036424,3.3941,0.048483,13.54,NA,NA,NA,NA,NA,1.433648,NA,2,NA,NA,NA,0,0,0,NA,"Spot sample in time with no 'duration' at start of interval","","eGylle2","../../data-submitted/03/AU/ALFAM2_template_7_0_eGylle_NL_DE_JK.xlsx"
1941,1937,36523,48,6,2021-08-21 10:18:00,2021-08-21 13:14:00,"21/08/2021 10:18","21/08/2021 10:18",2.9333,2.9333,0,25.683,24.217,26.267,23.333,NA,NA,NA,NA,NA,NA,NA,NA,0.046962,0.00067084,0.13776,3.5318,0.050451,15.85,NA,NA,NA,NA,NA,2.04786,NA,2,NA,NA,NA,0,0,0,NA,"Spot sample in time with no 'duration' at start of interval","","eGylle2","../../data-submitted/03/AU/ALFAM2_template_7_0_eGylle_NL_DE_JK.xlsx"
1941,1937,36524,49,7,2021-08-21 13:14:00,2021-08-21 16:10:00,"21/08/2021 13:14","21/08/2021 13:14",2.9333,2.9333,0,28.617,27.15,29.2,26.267,NA,NA,NA,NA,NA,NA,NA,NA,0.039248,0.00056065,0.11513,3.647,0.052096,16.41,NA,NA,NA,NA,NA,1.6071,NA,2,NA,NA,NA,0,0,0,NA,"Spot sample in time with no 'duration' at start of interval","","eGylle2","../../data-submitted/03/AU/ALFAM2_template_7_0_eGylle_NL_DE_JK.xlsx"
1941,1937,36525,50,8,2021-08-21 16:10:00,2021-08-21 18:29:00,"21/08/2021 16:10","21/08/2021 16:10",2.3167,2.3167,0,30.933,29.775,31.517,29.2,NA,NA,NA,NA,NA,NA,NA,NA,0.029154,0.00041646,0.067541,3.7145,0.05306,17.2666666666667,NA,NA,NA,NA,NA,1.7179,NA,2,NA,NA,NA,0,0,0,NA,"Spot sample in time with no 'duration' at start of interval","","eGylle2","../../data-submitted/03/AU/ALFAM2_template_7_0_eGylle_NL_DE_JK.xlsx"
1941,1937,36526,51,9,2021-08-21 18:29:00,2021-08-22 07:19:00,"21/08/2021 18:29","21/08/2021 18:29",12.833,12.833,0,43.767,37.35,44.35,31.517,NA,NA,NA,NA,NA,NA,NA,NA,0.030948,0.00044208,0.39716,4.1117,0.058734,10.914,NA,NA,NA,NA,NA,0.37969664,NA,2,NA,NA,NA,0,0,0,NA,"Spot sample in time with no 'duration' at start of interval","","eGylle2","../../data-submitted/03/AU/ALFAM2_template_7_0_eGylle_NL_DE_JK.xlsx"
1941,1937,36527,52,10,2021-08-22 07:19:00,2021-08-22 10:40:00,"22/08/2021 07:19","22/08/2021 07:19",3.35,3.35,0,47.117,45.442,47.7,44.35,NA,NA,NA,NA,NA,NA,NA,NA,0.015223,0.00021746,0.050997,4.1627,0.059462,13.85,NA,NA,NA,NA,NA,1.52529166666667,NA,2,NA,NA,NA,0,0,0,NA,"Spot sample in time with no 'duration' at start of interval","","eGylle2","../../data-submitted/03/AU/ALFAM2_template_7_0_eGylle_NL_DE_JK.xlsx"
1941,1937,36528,53,11,2021-08-22 10:40:00,2021-08-22 13:26:00,"22/08/2021 10:40","22/08/2021 10:40",2.7667,2.7667,0,49.883,48.5,50.467,47.7,NA,NA,NA,NA,NA,NA,NA,NA,0.034531,0.00049326,0.095535,4.2582,0.060827,18.8,NA,NA,NA,NA,NA,1.98675,NA,2,NA,NA,NA,0,0,0,NA,"Spot sample in time with no 'duration' at start of interval","","eGylle2","../../data-submitted/03/AU/ALFAM2_template_7_0_eGylle_NL_DE_JK.xlsx"
1941,1937,36529,54,12,2021-08-22 13:26:00,2021-08-22 15:55:00,"22/08/2021 13:26","22/08/2021 13:26",2.4833,2.4833,0,52.367,51.125,52.95,50.467,NA,NA,NA,NA,NA,NA,NA,NA,0.036472,0.000521,0.090573,4.3488,0.062121,19.6375,NA,NA,NA,NA,NA,2.589125,NA,2,NA,NA,NA,0,0,0,NA,"Spot sample in time with no 'duration' at start of interval","","eGylle2","../../data-submitted/03/AU/ALFAM2_template_7_0_eGylle_NL_DE_JK.xlsx"
1941,1937,36530,55,13,2021-08-22 15:55:00,2021-08-22 18:26:00,"22/08/2021 15:55","22/08/2021 15:55",2.5167,2.5167,0,54.883,53.625,55.467,52.95,NA,NA,NA,NA,NA,NA,NA,NA,0.043282,0.00061827,0.10893,4.4577,0.063677,19.3875,NA,NA,NA,NA,NA,2.875025,NA,2,NA,NA,NA,0,0,0,NA,"Spot sample in time with no 'duration' at start of interval","","eGylle2","../../data-submitted/03/AU/ALFAM2_template_7_0_eGylle_NL_DE_JK.xlsx"
1941,1937,36531,56,14,2021-08-22 18:26:00,2021-08-23 07:24:00,"22/08/2021 18:26","22/08/2021 18:26",12.967,12.967,0,67.85,61.367,68.433,55.467,NA,NA,NA,NA,NA,NA,NA,NA,0.027888,0.00039837,0.36161,4.8193,0.068842,11.072,NA,NA,NA,NA,NA,0.55814308,NA,2,NA,NA,NA,0,0,0,NA,"Spot sample in time with no 'duration' at start of interval","","eGylle2","../../data-submitted/03/AU/ALFAM2_template_7_0_eGylle_NL_DE_JK.xlsx"
1941,1937,36532,57,15,2021-08-23 07:24:00,2021-08-23 10:25:00,"23/08/2021 07:24","23/08/2021 07:24",3.0167,3.0167,0,70.867,69.358,71.45,68.433,NA,NA,NA,NA,NA,NA,NA,NA,0.0026757,3.8222e-05,0.0080718,4.8274,0.068958,12.63,NA,NA,NA,NA,NA,1.134714,NA,2,NA,NA,NA,0,0,0,NA,"Spot sample in time with no 'duration' at start of interval","","eGylle2","../../data-submitted/03/AU/ALFAM2_template_7_0_eGylle_NL_DE_JK.xlsx"
1941,1937,36533,58,16,2021-08-23 10:25:00,2021-08-23 13:05:00,"23/08/2021 10:25","23/08/2021 10:25",2.6667,2.6667,0,73.533,72.2,74.117,71.45,NA,NA,NA,NA,NA,NA,NA,NA,0.013026,0.00018607,0.034736,4.8621,0.069454,18.85,NA,NA,NA,NA,NA,1.00862,NA,2,NA,NA,NA,0,0,0,NA,"Spot sample in time with no 'duration' at start of interval","","eGylle2","../../data-submitted/03/AU/ALFAM2_template_7_0_eGylle_NL_DE_JK.xlsx"
1941,1937,36534,59,17,2021-08-23 13:05:00,2021-08-23 16:11:00,"23/08/2021 13:05","23/08/2021 13:05",3.1,3.1,0,76.633,75.083,77.217,74.117,NA,NA,NA,NA,NA,NA,NA,NA,0.018581,0.00026542,0.0576,4.9197,0.070277,21.25,NA,NA,NA,NA,NA,1.167506,NA,2,NA,NA,NA,0,0,0,NA,"Spot sample in time with no 'duration' at start of interval","","eGylle2","../../data-submitted/03/AU/ALFAM2_template_7_0_eGylle_NL_DE_JK.xlsx"
1941,1937,36535,60,18,2021-08-23 16:11:00,2021-08-23 19:07:00,"23/08/2021 16:11","23/08/2021 16:11",2.9333,2.9333,0,79.567,78.1,80.15,77.217,NA,NA,NA,NA,NA,NA,NA,NA,0.021076,0.00030106,0.061822,4.9815,0.07116,20.94,NA,NA,NA,NA,NA,1.85804,NA,2,NA,NA,NA,0,0,0,NA,"Spot sample in time with no 'duration' at start of interval","","eGylle2","../../data-submitted/03/AU/ALFAM2_template_7_0_eGylle_NL_DE_JK.xlsx"
1941,1937,36536,61,19,2021-08-23 19:07:00,2021-08-24 07:12:00,"23/08/2021 19:07","23/08/2021 19:07",12.083,12.083,0,91.65,85.608,92.233,80.15,NA,NA,NA,NA,NA,NA,NA,NA,0.011832,0.00016902,0.14297,5.1245,0.073202,12.4086956521739,NA,NA,NA,NA,NA,0.559651739130435,NA,2,NA,NA,NA,0,0,0,NA,"Spot sample in time with no 'duration' at start of interval","","eGylle2","../../data-submitted/03/AU/ALFAM2_template_7_0_eGylle_NL_DE_JK.xlsx"
1941,1937,36537,62,20,2021-08-24 07:12:00,2021-08-24 10:25:00,"24/08/2021 07:12","24/08/2021 07:12",3.2167,3.2167,0,94.867,93.258,95.45,92.233,NA,NA,NA,NA,NA,NA,NA,NA,0,0,0,5.1245,0.073202,12.55,NA,NA,NA,NA,NA,0.8917,NA,2,NA,NA,NA,0,0,0,NA,"Spot sample in time with no 'duration' at start of interval","","eGylle2","../../data-submitted/03/AU/ALFAM2_template_7_0_eGylle_NL_DE_JK.xlsx"
1941,1937,36538,63,21,2021-08-24 10:25:00,2021-08-24 12:59:00,"24/08/2021 10:25","24/08/2021 10:25",2.5667,2.5667,0,97.433,96.15,98.017,95.45,NA,NA,NA,NA,NA,NA,NA,NA,0.010049,0.00014354,0.025792,5.1503,0.07357,17.7625,NA,NA,NA,NA,NA,1.4152,NA,2,NA,NA,NA,0,0,0,NA,"Spot sample in time with no 'duration' at start of interval","","eGylle2","../../data-submitted/03/AU/ALFAM2_template_7_0_eGylle_NL_DE_JK.xlsx"
1941,1937,36539,64,22,2021-08-24 12:59:00,2021-08-24 16:32:00,"24/08/2021 12:59","24/08/2021 12:59",3.55,3.55,0,100.98,99.208,101.57,98.017,NA,NA,NA,NA,NA,NA,NA,NA,0.019446,0.00027778,0.069034,5.2193,0.074557,20.5428571428571,NA,NA,NA,NA,NA,2.65112857142857,NA,2,NA,NA,NA,0,0,0,NA,"Spot sample in time with no 'duration' at start of interval","","eGylle2","../../data-submitted/03/AU/ALFAM2_template_7_0_eGylle_NL_DE_JK.xlsx"
1941,1937,36540,65,23,2021-08-24 16:32:00,2021-08-24 18:48:00,"24/08/2021 16:32","24/08/2021 16:32",2.2667,2.2667,0,103.25,102.12,103.83,101.57,NA,NA,NA,NA,NA,NA,NA,NA,0.019442,0.00027772,0.044069,5.2634,0.075186,19.5,NA,NA,NA,NA,NA,2.54233333333333,NA,2,NA,NA,NA,0,0,0,NA,"Spot sample in time with no 'duration' at start of interval","","eGylle2","../../data-submitted/03/AU/ALFAM2_template_7_0_eGylle_NL_DE_JK.xlsx"
1941,1937,36541,66,24,2021-08-24 18:48:00,2021-08-25 07:14:00,"24/08/2021 18:48","24/08/2021 18:48",12.433,12.433,0,115.68,109.47,116.27,103.83,NA,NA,NA,NA,NA,NA,NA,NA,0.014075,0.00020106,0.175,5.4384,0.077686,14.4166666666667,NA,NA,NA,NA,NA,3.17975416666667,NA,2,NA,NA,NA,0,0,0,NA,"Spot sample in time with no 'duration' at start of interval","","eGylle2","../../data-submitted/03/AU/ALFAM2_template_7_0_eGylle_NL_DE_JK.xlsx"
1941,1937,36542,67,25,2021-08-25 07:14:00,2021-08-25 13:22:00,"25/08/2021 07:14","25/08/2021 07:14",6.1333,6.1333,0,121.82,118.75,122.4,116.27,NA,NA,NA,NA,NA,NA,NA,NA,0.0059467,8.4947e-05,0.036473,5.4749,0.078207,16.4227272727273,NA,NA,NA,NA,NA,4.19671818181818,NA,2,NA,NA,NA,0,0.0181818181818182,0,NA,"Spot sample in time with no 'duration' at start of interval","","eGylle2","../../data-submitted/03/AU/ALFAM2_template_7_0_eGylle_NL_DE_JK.xlsx"
1941,1937,36543,68,26,2021-08-25 13:22:00,2021-08-25 16:22:00,"25/08/2021 13:22","25/08/2021 13:22",3,3,0,124.82,123.32,125.4,122.4,NA,NA,NA,NA,NA,NA,NA,NA,0,0,0,5.4749,0.078207,18.98,NA,NA,NA,NA,NA,4.68716,NA,2,NA,NA,NA,0,0,0,NA,"Spot sample in time with no 'duration' at start of interval","","eGylle2","../../data-submitted/03/AU/ALFAM2_template_7_0_eGylle_NL_DE_JK.xlsx"
1941,1937,36544,69,27,2021-08-25 16:22:00,2021-08-25 18:48:00,"25/08/2021 16:22","25/08/2021 16:22",2.4333,2.4333,0,127.25,126.03,127.83,125.4,NA,NA,NA,NA,NA,NA,NA,NA,0.0051743,7.3913e-05,0.012591,5.4875,0.078387,19.325,NA,NA,NA,NA,NA,3.24235,NA,2,NA,NA,NA,0,0,0,NA,"Spot sample in time with no 'duration' at start of interval","","eGylle2","../../data-submitted/03/AU/ALFAM2_template_7_0_eGylle_NL_DE_JK.xlsx"
1941,1937,36545,70,28,2021-08-25 18:48:00,2021-08-26 07:19:00,"25/08/2021 18:48","25/08/2021 18:48",12.517,12.517,0,139.77,133.51,140.35,127.83,NA,NA,NA,NA,NA,NA,NA,NA,0,0,0,5.4875,0.078387,13.95,NA,NA,NA,NA,NA,1.95844208333333,NA,2,NA,NA,NA,0,0,0,NA,"Spot sample in time with no 'duration' at start of interval","","eGylle2","../../data-submitted/03/AU/ALFAM2_template_7_0_eGylle_NL_DE_JK.xlsx"
1941,1937,36546,71,29,2021-08-26 07:19:00,2021-08-26 11:02:00,"26/08/2021 07:19","26/08/2021 07:19",3.7167,3.7167,0,143.48,141.63,144.07,140.35,NA,NA,NA,NA,NA,NA,NA,NA,0,0,0,5.4875,0.078387,13.7785714285714,NA,NA,NA,NA,NA,3.86425714285714,NA,2,NA,NA,NA,0,0,0,NA,"Spot sample in time with no 'duration' at start of interval","","eGylle2","../../data-submitted/03/AU/ALFAM2_template_7_0_eGylle_NL_DE_JK.xlsx"
1941,1937,36547,72,30,2021-08-26 11:02:00,2021-08-26 14:45:00,"26/08/2021 11:02","26/08/2021 11:02",3.7167,3.7167,0,147.2,145.34,147.78,144.07,NA,NA,NA,NA,NA,NA,NA,NA,0.0047687,6.8119e-05,0.017724,5.5052,0.07864,15.125,NA,NA,NA,NA,NA,4.51891666666667,NA,2,NA,NA,NA,0,0,0,NA,"Spot sample in time with no 'duration' at start of interval","","eGylle2","../../data-submitted/03/AU/ALFAM2_template_7_0_eGylle_NL_DE_JK.xlsx"
1941,1937,36548,73,31,2021-08-26 14:45:00,2021-08-26 18:40:00,"26/08/2021 14:45","26/08/2021 14:45",3.9167,3.9167,0,151.12,149.16,151.7,147.78,NA,NA,NA,NA,NA,NA,NA,NA,0,0,0,5.5052,0.07864,15.2857142857143,NA,NA,NA,NA,NA,3.91464285714286,NA,2,NA,NA,NA,0,0,0,NA,"Spot sample in time with no 'duration' at start of interval","","eGylle2","../../data-submitted/03/AU/ALFAM2_template_7_0_eGylle_NL_DE_JK.xlsx"
1941,1937,36549,74,32,2021-08-26 18:40:00,2021-08-27 07:20:00,"26/08/2021 18:40","26/08/2021 18:40",12.667,12.667,0,163.78,157.45,164.37,151.7,NA,NA,NA,NA,NA,NA,NA,NA,0,0,0,5.5052,0.07864,14.1895833333333,NA,NA,NA,NA,NA,3.63590833333333,NA,2,NA,NA,NA,0,0,0,NA,"Spot sample in time with no 'duration' at start of interval","","eGylle2","../../data-submitted/03/AU/ALFAM2_template_7_0_eGylle_NL_DE_JK.xlsx"
1941,1937,36550,75,33,2021-08-27 07:20:00,2021-08-27 17:29:00,"27/08/2021 07:20","27/08/2021 07:20",10.15,10.15,0,173.93,168.86,174.52,164.37,NA,NA,NA,NA,NA,NA,NA,NA,0,0,0,5.5052,0.07864,15.1710526315789,NA,NA,NA,NA,NA,4.36525789473684,NA,2,NA,NA,NA,0,0.0105263157894737,0,NA,"Spot sample in time with no 'duration' at start of interval","","eGylle2","../../data-submitted/03/AU/ALFAM2_template_7_0_eGylle_NL_DE_JK.xlsx"
1941,1937,36551,76,34,2021-08-27 17:29:00,2021-08-28 08:02:00,"27/08/2021 17:29","27/08/2021 17:29",14.55,14.55,0,188.48,181.21,189.07,174.52,NA,NA,NA,NA,NA,NA,NA,NA,0,0,0,5.5052,0.07864,14.3258620689655,NA,NA,NA,NA,NA,3.15564137931035,NA,2,NA,NA,NA,0,0,0,NA,"Spot sample in time with no 'duration' at start of interval","","eGylle2","../../data-submitted/03/AU/ALFAM2_template_7_0_eGylle_NL_DE_JK.xlsx"
1941,1937,36552,77,35,2021-08-28 08:02:00,2021-08-28 13:49:00,"28/08/2021 08:02","28/08/2021 08:02",5.7833,5.7833,0,194.27,191.38,194.85,189.07,NA,NA,NA,NA,NA,NA,NA,NA,0,0,0,5.5052,0.07864,15.11,NA,NA,NA,NA,NA,3.61666,NA,2,NA,NA,NA,0,0,0,NA,"Spot sample in time with no 'duration' at start of interval","","eGylle2","../../data-submitted/03/AU/ALFAM2_template_7_0_eGylle_NL_DE_JK.xlsx"
1941,1937,36553,78,36,2021-08-28 13:49:00,2021-08-29 08:03:00,"28/08/2021 13:49","28/08/2021 13:49",18.233,18.233,0,212.5,203.38,213.08,194.85,NA,NA,NA,NA,NA,NA,NA,NA,0,0,0,5.5052,0.07864,15.0680555555556,NA,NA,NA,NA,NA,2.39911388888889,NA,2,NA,NA,NA,0,0,0,NA,"Spot sample in time with no 'duration' at start of interval","","eGylle2","../../data-submitted/03/AU/ALFAM2_template_7_0_eGylle_NL_DE_JK.xlsx"
1941,1937,36554,79,37,2021-08-29 08:03:00,2021-08-29 13:03:00,"29/08/2021 08:03","29/08/2021 08:03",5,5,0,217.5,215,218.08,213.08,NA,NA,NA,NA,NA,NA,NA,NA,0,0,0,5.5052,0.07864,15.9333333333333,NA,NA,NA,NA,NA,3.51765555555556,NA,2,NA,NA,NA,0,0,0,NA,"Spot sample in time with no 'duration' at start of interval","","eGylle2","../../data-submitted/03/AU/ALFAM2_template_7_0_eGylle_NL_DE_JK.xlsx"
1941,1937,36555,80,38,2021-08-29 13:03:00,2021-08-30 09:09:00,"29/08/2021 13:03","29/08/2021 13:03",20.1,20.1,0,237.6,227.55,238.18,218.08,NA,NA,NA,NA,NA,NA,NA,NA,0,0,0,5.5052,0.07864,15.3935897435897,NA,NA,NA,NA,NA,1.57202794871795,NA,2,NA,NA,NA,0,0,0,NA,"Spot sample in time with no 'duration' at start of interval","","eGylle2","../../data-submitted/03/AU/ALFAM2_template_7_0_eGylle_NL_DE_JK.xlsx"
NA,NA,NA,NA,NA,NA,NA,NA,NA,NA,NA,NA,NA,NA,NA,NA,NA,NA,NA,NA,NA,NA,NA,NA,NA,NA,NA,NA,NA,NA,NA,NA,NA,NA,NA,NA,NA,NA,NA,NA,NA,NA,NA,NA,NA,NA,NA,NA,NA
1944,1940,36572,82,1,2021-11-09 10:20:00,2021-11-09 11:29:00,"09/11/2021 10:20","09/11/2021 10:20",1.2,1.15,0.05,1.2,0.6,1.2333,0.083333,NA,29.795,"mg NH3 /m3",NA,NA,NA,NA,NA,0.16272,0.0053873,0.19527,0.19527,0.0064648,8.6068,NA,NA,NA,NA,NA,2.3736,NA,2,NA,NA,NA,0,0,0,NA,NA,"","eGylle3","../../data-submitted/03/AU/ALFAM2_template_7_0_eGylle_NL_DE_JK.xlsx"
1944,1940,36573,83,2,2021-11-09 11:29:00,2021-11-09 13:25:00,"09/11/2021 11:29","09/11/2021 11:29",1.9,1.9333,-0.033333,3.1,2.15,3.1667,1.2333,NA,30.179,"mg NH3 /m3",NA,NA,NA,NA,NA,0.27217,0.0090106,0.51712,0.71238,0.023585,9.7322,NA,NA,NA,NA,NA,2.9351,NA,2,NA,NA,NA,0,0,0,NA,NA,"","eGylle3","../../data-submitted/03/AU/ALFAM2_template_7_0_eGylle_NL_DE_JK.xlsx"
1944,1940,36574,84,3,2021-11-09 13:25:00,2021-11-09 16:37:00,"09/11/2021 13:25","09/11/2021 13:25",3.2,3.2,0,6.3,4.7,6.3667,3.1667,NA,9.9006,"mg NH3 /m3",NA,NA,NA,NA,NA,0.16812,0.0055661,0.538,1.2504,0.041396,10.6305,NA,NA,NA,NA,NA,2.28546666666667,NA,2,NA,NA,NA,0,0,0,NA,NA,"","eGylle3","../../data-submitted/03/AU/ALFAM2_template_7_0_eGylle_NL_DE_JK.xlsx"
1944,1940,36575,85,4,2021-11-09 16:37:00,2021-11-10 09:17:00,"09/11/2021 16:37","09/11/2021 16:37",16.7,16.667,0.033333,23,14.65,23.033,6.3667,NA,10.907,"mg NH3 /m3",NA,NA,NA,NA,NA,0.02052,0.00067937,0.34269,1.5931,0.052742,5.916040625,NA,NA,NA,NA,NA,1.17384875,NA,2,NA,NA,NA,0,0,0,NA,NA,"","eGylle3","../../data-submitted/03/AU/ALFAM2_template_7_0_eGylle_NL_DE_JK.xlsx"
1944,1940,36576,86,5,2021-11-10 09:17:00,2021-11-10 16:22:00,"10/11/2021 09:17","10/11/2021 09:17",7.1,7.0833,0.016667,30.1,26.55,30.117,23.033,NA,9.5276,"mg NH3 /m3",NA,NA,NA,NA,NA,0.028441,0.00094159,0.20193,1.795,0.059427,8.53493846153846,NA,NA,NA,NA,NA,1.13436076923077,NA,2,NA,NA,NA,0,0,0,NA,NA,"","eGylle3","../../data-submitted/03/AU/ALFAM2_template_7_0_eGylle_NL_DE_JK.xlsx"
1944,1940,36577,87,6,2021-11-10 16:22:00,2021-11-11 09:44:00,"10/11/2021 16:22","10/11/2021 16:22",17.4,17.367,0.033333,47.5,38.8,47.483,30.117,NA,12.984,"mg NH3 /m3",NA,NA,NA,NA,NA,0.0075602,0.0002503,0.13155,1.9265,0.063782,7.13355294117647,NA,NA,NA,NA,NA,1.08632411764706,NA,2,NA,NA,NA,0,0,0,NA,NA,"","eGylle3","../../data-submitted/03/AU/ALFAM2_template_7_0_eGylle_NL_DE_JK.xlsx"
1944,1940,36578,88,7,2021-11-11 09:44:00,2021-11-12 08:55:00,"11/11/2021 09:44","11/11/2021 09:44",23.2,23.183,0.016667,70.7,59.1,70.667,47.483,NA,16.262,"mg NH3 /m3",NA,NA,NA,NA,NA,0.02124,0.00070321,0.49278,2.4193,0.080097,7.64241111111111,NA,NA,NA,NA,NA,1.64684244444444,NA,2,NA,NA,NA,0,0,0,NA,NA,"","eGylle3","../../data-submitted/03/AU/ALFAM2_template_7_0_eGylle_NL_DE_JK.xlsx"
1944,1940,36579,89,8,2021-11-12 08:55:00,2021-11-13 10:46:00,"12/11/2021 08:55","12/11/2021 08:55",25.9,25.85,0.05,96.6,83.65,96.517,70.667,NA,13.219,"mg NH3 /m3",NA,NA,NA,NA,NA,0.02124,0.00070321,0.55013,2.9695,0.09831,7.76422156862745,NA,NA,NA,NA,NA,2.76566862745098,NA,2,NA,NA,NA,0,0,0,NA,NA,"m i","eGylle3","../../data-submitted/03/AU/ALFAM2_template_7_0_eGylle_NL_DE_JK.xlsx"
NA,NA,NA,NA,NA,NA,NA,NA,NA,NA,NA,NA,NA,NA,NA,NA,NA,NA,NA,NA,NA,NA,NA,NA,NA,NA,NA,NA,NA,NA,NA,NA,NA,NA,NA,NA,NA,NA,NA,NA,NA,NA,NA,NA,NA,NA,NA,NA,NA
1943,1939,36564,91,1,2021-11-09 10:20:00,2021-11-09 11:29:00,"09/11/2021 10:20","09/11/2021 10:20",1.2,1.15,0.05,1.2,0.6,1.2333,0.083333,NA,6.0138,"mg NH3 /m3",NA,NA,NA,NA,NA,0.18414,0.0060962,0.22096,0.22096,0.0073155,8.6068,NA,NA,NA,NA,NA,2.3736,NA,2,NA,NA,NA,0,0,0,NA,NA,"","eGylle3","../../data-submitted/03/AU/ALFAM2_template_7_0_eGylle_NL_DE_JK.xlsx"
1943,1939,36565,92,2,2021-11-09 11:29:00,2021-11-09 13:25:00,"09/11/2021 11:29","09/11/2021 11:29",1.9,1.9333,-0.033333,3.1,2.15,3.1667,1.2333,NA,4.4996,"mg NH3 /m3",NA,NA,NA,NA,NA,0.21085,0.0069808,0.40062,0.62159,0.020579,9.7322,NA,NA,NA,NA,NA,2.9351,NA,2,NA,NA,NA,0,0,0,NA,NA,"","eGylle3","../../data-submitted/03/AU/ALFAM2_template_7_0_eGylle_NL_DE_JK.xlsx"
1943,1939,36566,93,3,2021-11-09 13:25:00,2021-11-09 16:37:00,"09/11/2021 13:25","09/11/2021 13:25",3.2,3.2,0,6.3,4.7,6.3667,3.1667,NA,4.2506,"mg NH3 /m3",NA,NA,NA,NA,NA,0.12993,0.0043016,0.41578,1.0374,0.034344,10.6305,NA,NA,NA,NA,NA,2.28546666666667,NA,2,NA,NA,NA,0,0,0,NA,NA,"","eGylle3","../../data-submitted/03/AU/ALFAM2_template_7_0_eGylle_NL_DE_JK.xlsx"
1943,1939,36567,94,4,2021-11-09 16:37:00,2021-11-10 09:17:00,"09/11/2021 16:37","09/11/2021 16:37",16.7,16.667,0.033333,23,14.65,23.033,6.3667,NA,9.3185,"mg NH3 /m3",NA,NA,NA,NA,NA,0.066866,0.0022137,1.1167,2.154,0.071314,5.916040625,NA,NA,NA,NA,NA,1.17384875,NA,2,NA,NA,NA,0,0,0,NA,NA,"","eGylle3","../../data-submitted/03/AU/ALFAM2_template_7_0_eGylle_NL_DE_JK.xlsx"
1943,1939,36568,95,5,2021-11-10 09:17:00,2021-11-10 16:22:00,"10/11/2021 09:17","10/11/2021 09:17",7.1,7.0833,0.016667,30.1,26.55,30.117,23.033,NA,7.9882,"mg NH3 /m3",NA,NA,NA,NA,NA,0.034369,0.0011378,0.24402,2.398,0.079392,8.53493846153846,NA,NA,NA,NA,NA,1.13436076923077,NA,2,NA,NA,NA,0,0,0,NA,NA,"","eGylle3","../../data-submitted/03/AU/ALFAM2_template_7_0_eGylle_NL_DE_JK.xlsx"
1943,1939,36569,96,6,2021-11-10 16:22:00,2021-11-11 09:44:00,"10/11/2021 16:22","10/11/2021 16:22",17.4,17.367,0.033333,47.5,38.8,47.483,30.117,NA,11.362,"mg NH3 /m3",NA,NA,NA,NA,NA,0.023984,0.00079405,0.41733,2.8154,0.093209,7.13355294117647,NA,NA,NA,NA,NA,1.08632411764706,NA,2,NA,NA,NA,0,0,0,NA,NA,"","eGylle3","../../data-submitted/03/AU/ALFAM2_template_7_0_eGylle_NL_DE_JK.xlsx"
1943,1939,36570,97,7,2021-11-11 09:44:00,2021-11-12 08:55:00,"11/11/2021 09:44","11/11/2021 09:44",23.2,23.183,0.016667,70.7,59.1,70.667,47.483,NA,10.593,"mg NH3 /m3",NA,NA,NA,NA,NA,0.020711,0.00068568,0.48049,3.2959,0.10912,7.64241111111111,NA,NA,NA,NA,NA,1.64684244444444,NA,2,NA,NA,NA,0,0,0,NA,NA,"","eGylle3","../../data-submitted/03/AU/ALFAM2_template_7_0_eGylle_NL_DE_JK.xlsx"
1943,1939,36571,98,8,2021-11-12 08:55:00,2021-11-13 10:46:00,"12/11/2021 08:55","12/11/2021 08:55",25.9,25.85,0.05,96.6,83.65,96.517,70.667,NA,5.2886,"mg NH3 /m3",NA,NA,NA,NA,NA,0.017686,0.00058553,0.45807,3.7539,0.12428,7.76422156862745,NA,NA,NA,NA,NA,2.76566862745098,NA,2,NA,NA,NA,0,0,0,NA,NA,"","eGylle3","../../data-submitted/03/AU/ALFAM2_template_7_0_eGylle_NL_DE_JK.xlsx"
NA,NA,NA,NA,NA,NA,NA,NA,NA,NA,NA,NA,NA,NA,NA,NA,NA,NA,NA,NA,NA,NA,NA,NA,NA,NA,NA,NA,NA,NA,NA,NA,NA,NA,NA,NA,NA,NA,NA,NA,NA,NA,NA,NA,NA,NA,NA,NA,NA
1942,1938,36556,100,1,2021-11-09 10:20:00,2021-11-09 11:29:00,"09/11/2021 10:20","09/11/2021 10:20",1.2,1.15,0.05,1.2,0.6,1.2333,0.083333,NA,NA,NA,NA,NA,NA,NA,NA,0.21739,0.007197,0.26086,0.26086,0.0086364,8.6068,NA,NA,NA,NA,NA,2.3736,NA,2,NA,NA,NA,0,0,0,NA,NA,"","eGylle3","../../data-submitted/03/AU/ALFAM2_template_7_0_eGylle_NL_DE_JK.xlsx"
1942,1938,36557,101,2,2021-11-09 11:29:00,2021-11-09 13:25:00,"09/11/2021 11:29","09/11/2021 11:29",1.9,1.9333,-0.033333,3.1,2.15,3.1667,1.2333,NA,NA,NA,NA,NA,NA,NA,NA,0.31383,0.01039,0.59628,0.85714,0.028377,9.7322,NA,NA,NA,NA,NA,2.9351,NA,2,NA,NA,NA,0,0,0,NA,NA,"","eGylle3","../../data-submitted/03/AU/ALFAM2_template_7_0_eGylle_NL_DE_JK.xlsx"
1942,1938,36558,102,3,2021-11-09 13:25:00,2021-11-09 16:37:00,"09/11/2021 13:25","09/11/2021 13:25",3.2,3.2,0,6.3,4.7,6.3667,3.1667,NA,NA,NA,NA,NA,NA,NA,NA,0.18524,0.0061327,0.59276,1.4499,0.048002,10.6305,NA,NA,NA,NA,NA,2.28546666666667,NA,2,NA,NA,NA,0,0,0,NA,NA,"","eGylle3","../../data-submitted/03/AU/ALFAM2_template_7_0_eGylle_NL_DE_JK.xlsx"
1942,1938,36559,103,4,2021-11-09 16:37:00,2021-11-10 09:17:00,"09/11/2021 16:37","09/11/2021 16:37",16.7,16.667,0.033333,23,14.65,23.033,6.3667,NA,NA,NA,NA,NA,NA,NA,NA,0.041203,0.0013641,0.68808,2.138,0.070782,5.916040625,NA,NA,NA,NA,NA,1.17384875,NA,2,NA,NA,NA,0,0,0,NA,NA,"","eGylle3","../../data-submitted/03/AU/ALFAM2_template_7_0_eGylle_NL_DE_JK.xlsx"
1942,1938,36560,104,5,2021-11-10 09:17:00,2021-11-10 16:22:00,"10/11/2021 09:17","10/11/2021 09:17",7.1,7.0833,0.016667,30.1,26.55,30.117,23.033,NA,NA,NA,NA,NA,NA,NA,NA,0.037373,0.0012373,0.26535,2.4033,0.079567,8.53493846153846,NA,NA,NA,NA,NA,1.13436076923077,NA,2,NA,NA,NA,0,0,0,NA,NA,"","eGylle3","../../data-submitted/03/AU/ALFAM2_template_7_0_eGylle_NL_DE_JK.xlsx"
1942,1938,36561,105,6,2021-11-10 16:22:00,2021-11-11 09:44:00,"10/11/2021 16:22","10/11/2021 16:22",17.4,17.367,0.033333,47.5,38.8,47.483,30.117,NA,NA,NA,NA,NA,NA,NA,NA,0.02065,0.00068365,0.35931,2.7626,0.091463,7.13355294117647,NA,NA,NA,NA,NA,1.08632411764706,NA,2,NA,NA,NA,0,0,0,NA,NA,"","eGylle3","../../data-submitted/03/AU/ALFAM2_template_7_0_eGylle_NL_DE_JK.xlsx"
1942,1938,36562,106,7,2021-11-11 09:44:00,2021-11-12 08:55:00,"11/11/2021 09:44","11/11/2021 09:44",23.2,23.183,0.016667,70.7,59.1,70.667,47.483,NA,NA,NA,NA,NA,NA,NA,NA,0.031058,0.0010282,0.72054,3.4832,0.11532,7.64241111111111,NA,NA,NA,NA,NA,1.64684244444444,NA,2,NA,NA,NA,0,0,0,NA,NA,"","eGylle3","../../data-submitted/03/AU/ALFAM2_template_7_0_eGylle_NL_DE_JK.xlsx"
1942,1938,36563,107,8,2021-11-12 08:55:00,2021-11-13 10:46:00,"12/11/2021 08:55","12/11/2021 08:55",25.9,25.85,0.05,96.6,83.65,96.517,70.667,NA,NA,NA,NA,NA,NA,NA,NA,0.039056,0.001293,1.0115,4.4947,0.14881,7.76422156862745,NA,NA,NA,NA,NA,2.76566862745098,NA,2,NA,NA,NA,0,0,0,NA,NA,"","eGylle3","../../data-submitted/03/AU/ALFAM2_template_7_0_eGylle_NL_DE_JK.xlsx"
