"institute","proj","exper","field","plot","rep","app.start","sub.period","file","treat","meas.tech","meas.tech.det","rep2","cpmid","pub.id","plot.area","lat","long","country","topo","clay","silt","sand","oc","soil.type","soil.water","soil.water.v","soil.moist","soil.ph","soil.dens","crop.res","till","man.source","man.source.det","man.bed","man.con","man.trt1","man.trt2","man.stor","man.dm","man.vs","man.tkn","man.tan","man.tic","man.ua","man.vfa","man.ph","app.end","app.method","app.rate","app.rate.unit","incorp","time.incorp","man.area","dist.inj","furrow.z","furrow.w","crop","crop.z","crop.area","lai","notes.plot","row.in.file.plot","man.trt3","app.start.orig","app.end.orig","cpid","ceid","flag.plot","submitter","tan.app","e.1","e.4","e.6","e.12","e.24","e.48","e.72","e.96","e.168","e.final","e.tot","e.cum.1","e.cum.4","e.cum.6","e.cum.12","e.cum.24","e.cum.48","e.cum.72","e.cum.96","e.cum.168","e.cum.final","e.cum.tot","e.rel.1","e.rel.4","e.rel.6","e.rel.12","e.rel.24","e.rel.48","e.rel.72","e.rel.96","e.rel.168","e.rel.final","e.rel.tot","rain.1","rain.4","rain.6","rain.12","rain.24","rain.48","rain.72","rain.96","rain.168","rain.final","rain.tot","air.temp.1","air.temp.4","air.temp.6","air.temp.12","air.temp.24","air.temp.48","air.temp.72","air.temp.96","air.temp.168","air.temp.mn","soil.temp.1","soil.temp.4","soil.temp.6","soil.temp.12","soil.temp.24","soil.temp.48","soil.temp.72","soil.temp.96","soil.temp.168","soil.temp.mn","soil.temp.surf.1","soil.temp.surf.4","soil.temp.surf.6","soil.temp.surf.12","soil.temp.surf.24","soil.temp.surf.48","soil.temp.surf.72","soil.temp.surf.96","soil.temp.surf.168","soil.temp.surf.mn","wind.1","wind.4","wind.6","wind.12","wind.24","wind.48","wind.72","wind.96","wind.168","wind.mn","wind.2m.1","wind.2m.4","wind.2m.6","wind.2m.12","wind.2m.24","wind.2m.48","wind.2m.72","wind.2m.96","wind.2m.168","wind.2m.mn","rad.1","rad.4","rad.6","rad.12","rad.24","rad.48","rad.72","rad.96","rad.168","rad.mn","rain.rate.1","rain.rate.4","rain.rate.6","rain.rate.12","rain.rate.24","rain.rate.48","rain.rate.72","rain.rate.96","rain.rate.168","rain.rate.mn","rh.1","rh.4","rh.6","rh.12","rh.24","rh.48","rh.72","rh.96","rh.168","rh.mn","first.row.in.file.int","last.row.in.file.int","n.ints","dt1","j.rel1","j.NH31","dt.min","dt.max","ct.min","ct.max","t.start.p","t.end.p","air.temp.z","soil.temp.z","wind.z","wind.loc","far.loc","pub.info","soil.type2","exper2","acid","meas.tech.orig","meas.tech2","crop.orig","app.method.orig","incorp.orig","man.source.orig","date.start","flag.int","soil.samp.z","inst","pid","pmid","eid"
"INRAE","MetaMetha","MM1_2017_march_DIGB_1","SOERE-PRO-NOUZILLY","E",NA,2017-03-22 10:06:00,3,"../../data-submitted/03/INRAE/ALFAM2_template_8.0_META_METHA_Vf_v4.xlsx","DIGB_1","Inversion Dispersion small plots","see notes",NA,"D:1.I:INRAE.Pr:MetaMetha.F:../../data-submitted/03/INRAE/ALFAM2_template_8.0_META_METHA_Vf_v4.xlsx.E:MM1_2017_march_DIGB_1.F:SOERE-PRO-NOUZILLY.P:E.T:DIGB_1.R:NA.R2:.T:2017-03-22 10:06:00.M:Inversion Dispersion small plotssee notes","Moinard et al, under review",1800,47.5,0.79,"FR","Flat",15.8,70.6,13.6,1.28,"Loam",0.26,NA,NA,6.1,1.36,"No","No","mix","see ""experiments""",NA,"liquid","Anaerobic digestion","None",182,6.47,NA,4.41,2.25,NA,NA,NA,7.86,2017-03-22 10:19:00,"bsth",38.4,"t/ha","none",NA,50,NA,NA,NA,"cereal",5,NA,NA,"crop heights change between measurement series: S1: 5; S2:5; S3:5; S4: 15; S5: 25; S6:35",19,NA,"22-03-2017 10:06","22-03-2017 10:19","D:1.I:INRAE.Pr:MetaMetha.F:../../data-submitted/03/INRAE/ALFAM2_template_8.0_META_METHA_Vf_v4.xlsx.E:MM1_2017_march_DIGB_1.F:SOERE-PRO-NOUZILLY.P:E.T:DIGB_1.R:NA.R2:.T:2017-03-22 10:06:00","D:1.I:INRAE.Pr:MetaMetha.E:MM1_2017_march_DIGB_1","","Génermont, Sophie",86.4,NA,NA,NA,NA,6.74,8.02,8.93,9.83,11.9,12.4,12.4,NA,NA,NA,NA,6.74,8.02,8.93,9.83,11.9,12.4,12.4,NA,NA,NA,NA,0.078,0.0928,0.103,0.114,0.137,0.143,0.143,NA,NA,NA,NA,13.9,15.2,15.3,15.4,16.1,18.6,18.6,NA,NA,NA,NA,5.98,5.34,5.34,5.34,8.94,49.6,NA,NA,NA,NA,NA,NA,NA,NA,NA,NA,NA,NA,NA,NA,NA,NA,NA,NA,NA,NA,NA,NA,NA,NA,1.23,1.15,1.15,1.15,1.5,6.14,NA,NA,NA,NA,1.34,1.25,1.25,1.25,1.63,6.69,NA,NA,NA,NA,44.5,48.9,48.9,48.9,125,845,NA,NA,NA,NA,0.6,0.334,0.334,0.334,0.108,0.129,NA,NA,NA,NA,98.3,97.9,97.9,97.9,86.3,354,17,22,6,23,0.00336,0.291,22.5,192,23,650,2017-03-22 11:30:00,2017-04-11 09:30:00,2,NA,1.3,"Field",NA,NA,NA,NA,FALSE,"Inversion Dispersion small plots","micro met","Cereal","Band spread or trailing hose","None","Mix",2017-03-22,"","0-20",208,2440,2444,408
"INRAE","MetaMetha","MM1_2017_march_DIGL_1","SOERE-PRO-NOUZILLY","C",NA,2017-03-22 11:37:00,3,"../../data-submitted/03/INRAE/ALFAM2_template_8.0_META_METHA_Vf_v4.xlsx","DIGL_1","Inversion Dispersion small plots","see notes",NA,"D:1.I:INRAE.Pr:MetaMetha.F:../../data-submitted/03/INRAE/ALFAM2_template_8.0_META_METHA_Vf_v4.xlsx.E:MM1_2017_march_DIGL_1.F:SOERE-PRO-NOUZILLY.P:C.T:DIGL_1.R:NA.R2:.T:2017-03-22 11:37:00.M:Inversion Dispersion small plotssee notes","Moinard et al, under review",1800,47.5,0.79,"FR","Flat",17.1,62.3,20.6,1.33,"Loam",0.178,NA,NA,6.5,1.36,"No","No","mix","see ""experiments""",NA,"liquid","Anaerobic digestion","Mechanical separation",182,3.68,NA,3.8,2.03,NA,NA,NA,7.81,2017-03-22 11:38:00,"bsth",36.6,"t/ha","none",NA,50,NA,NA,NA,"cereal",5,NA,NA,"crop height changes between measurement series: S1: 5; S2:5; S3:5; S4: 15; S5: 25; S6:35",12,NA,"22-03-2017 11:37","22-03-2017 11:38","D:1.I:INRAE.Pr:MetaMetha.F:../../data-submitted/03/INRAE/ALFAM2_template_8.0_META_METHA_Vf_v4.xlsx.E:MM1_2017_march_DIGL_1.F:SOERE-PRO-NOUZILLY.P:C.T:DIGL_1.R:NA.R2:.T:2017-03-22 11:37:00","D:1.I:INRAE.Pr:MetaMetha.E:MM1_2017_march_DIGL_1","","Génermont, Sophie",74.4,NA,NA,NA,NA,3.02,3.24,3.4,3.56,3.9,3.19,3.19,NA,NA,NA,NA,3.02,3.24,3.4,3.56,3.9,3.19,3.19,NA,NA,NA,NA,0.0405,0.0436,0.0457,0.0478,0.0524,0.0428,0.0428,NA,NA,NA,NA,13.9,15.2,15.3,15.4,16.1,18.6,18.6,NA,NA,NA,NA,5.98,5.34,5.34,5.34,8.94,49.6,NA,NA,NA,NA,NA,NA,NA,NA,NA,NA,NA,NA,NA,NA,NA,NA,NA,NA,NA,NA,NA,NA,NA,NA,1.23,1.15,1.15,1.15,1.5,6.14,NA,NA,NA,NA,1.34,1.25,1.25,1.25,1.63,6.69,NA,NA,NA,NA,44.5,48.9,48.9,48.9,125,845,NA,NA,NA,NA,0.6,0.334,0.334,0.334,0.108,0.129,NA,NA,NA,NA,98.3,97.9,97.9,97.9,86.3,354,11,16,6,23,0.00176,0.131,22.5,192,23,650,2017-03-22 11:30:00,2017-04-11 09:30:00,2,NA,1.3,"Field",NA,NA,NA,NA,FALSE,"Inversion Dispersion small plots","micro met","Cereal","Band spread or trailing hose","None","Mix",2017-03-22,"","0-20",208,2441,2445,409
"INRAE","MetaMetha","MM1_2017_march_LIS_1","SOERE-PRO-NOUZILLY","A",NA,2017-03-22 12:03:00,3,"../../data-submitted/03/INRAE/ALFAM2_template_8.0_META_METHA_Vf_v4.xlsx","LIS_1","Inversion Dispersion small plots","see notes",NA,"D:1.I:INRAE.Pr:MetaMetha.F:../../data-submitted/03/INRAE/ALFAM2_template_8.0_META_METHA_Vf_v4.xlsx.E:MM1_2017_march_LIS_1.F:SOERE-PRO-NOUZILLY.P:A.T:LIS_1.R:NA.R2:.T:2017-03-22 12:03:00.M:Inversion Dispersion small plotssee notes","Moinard et al, under review",1800,47.5,0.79,"FR","Flat",15.4,59.2,24.7,1.46,"Loam",0.162,NA,NA,6.4,1.36,"No","No","cat","Dairy",NA,"liquid","None",NA,182,1.59,NA,1.1,0.641,NA,NA,NA,7.69,2017-03-22 12:11:00,"bsth",36.6,"t/ha","none",NA,50,NA,NA,NA,"cereal",5,NA,NA,"crop height changes between measurement series: S1: 5; S2:5; S3:5; S4: 15; S5: 25; S6:35",5,NA,"22-03-2017 12:03","22-03-2017 12:11","D:1.I:INRAE.Pr:MetaMetha.F:../../data-submitted/03/INRAE/ALFAM2_template_8.0_META_METHA_Vf_v4.xlsx.E:MM1_2017_march_LIS_1.F:SOERE-PRO-NOUZILLY.P:A.T:LIS_1.R:NA.R2:.T:2017-03-22 12:03:00","D:1.I:INRAE.Pr:MetaMetha.E:MM1_2017_march_LIS_1","","Génermont, Sophie",23.5,NA,NA,NA,NA,0.203,0.207,0.177,0.148,0.0627,-0.607,-0.607,NA,NA,NA,NA,0.203,0.207,0.177,0.148,0.0627,-0.607,-0.607,NA,NA,NA,NA,0.00866,0.0088,0.00754,0.00629,0.00267,-0.0258,-0.0258,NA,NA,NA,NA,13.9,15.2,15.3,15.4,16.1,18.6,18.6,NA,NA,NA,NA,5.98,5.34,5.34,5.34,8.94,49.6,NA,NA,NA,NA,NA,NA,NA,NA,NA,NA,NA,NA,NA,NA,NA,NA,NA,NA,NA,NA,NA,NA,NA,NA,1.23,1.15,1.15,1.15,1.5,6.14,NA,NA,NA,NA,1.34,1.25,1.25,1.25,1.63,6.69,NA,NA,NA,NA,44.5,48.9,48.9,48.9,125,845,NA,NA,NA,NA,0.6,0.334,0.334,0.334,0.108,0.129,NA,NA,NA,NA,98.3,97.9,97.9,97.9,86.3,354,5,10,6,23,0.000376,0.00883,22.5,192,23,650,2017-03-22 11:30:00,2017-04-11 09:30:00,2,NA,1.3,"Field",NA,NA,NA,NA,FALSE,"Inversion Dispersion small plots","micro met","Cereal","Band spread or trailing hose","None","Cattle",2017-03-22,"","0-20",208,2442,2446,410
"INRAE","MetaMetha","MM2_2017_april_DIGB_2","SOERE-PRO-NOUZILLY","E",NA,2017-04-19 12:21:00,3,"../../data-submitted/03/INRAE/ALFAM2_template_8.0_META_METHA_Vf_v4.xlsx","DIGB_2","Inversion Dispersion small plots","see notes",NA,"D:1.I:INRAE.Pr:MetaMetha.F:../../data-submitted/03/INRAE/ALFAM2_template_8.0_META_METHA_Vf_v4.xlsx.E:MM2_2017_april_DIGB_2.F:SOERE-PRO-NOUZILLY.P:E.T:DIGB_2.R:NA.R2:.T:2017-04-19 12:21:00.M:Inversion Dispersion small plotssee notes","Moinard et al, under review",1800,47.5,0.79,"FR","Flat",15.8,70.6,13.6,1.28,"Loam",0.26,NA,NA,6.1,1.36,"No","No","mix","see ""experiments""",NA,"liquid","Anaerobic digestion","None",182,6.87,NA,4.19,2.06,NA,NA,NA,7.95,2017-04-19 12:29:00,"bsth",30.8,"t/ha","none",NA,50,NA,NA,NA,"cereal",35,NA,NA,NA,20,NA,"19-04-2017 12:21","19-04-2017 12:29","D:1.I:INRAE.Pr:MetaMetha.F:../../data-submitted/03/INRAE/ALFAM2_template_8.0_META_METHA_Vf_v4.xlsx.E:MM2_2017_april_DIGB_2.F:SOERE-PRO-NOUZILLY.P:E.T:DIGB_2.R:NA.R2:.T:2017-04-19 12:21:00","D:1.I:INRAE.Pr:MetaMetha.E:MM2_2017_april_DIGB_2","","Génermont, Sophie",63.5,NA,22.2,23.1,26.1,32,35.1,35.7,36.3,37.6,37.3,37.3,NA,22.2,23.1,26.1,32,35.1,35.7,36.3,37.6,37.3,37.3,NA,0.349,0.365,0.411,0.504,0.554,0.563,0.571,0.593,0.587,0.587,NA,0,0,0,0,0,0,0,0.905,41.8,41.8,NA,11.9,11.9,11.9,11.9,6.47,6.47,6.47,9.46,34.3,NA,NA,NA,NA,NA,NA,NA,NA,NA,NA,NA,NA,NA,NA,NA,NA,NA,NA,NA,NA,NA,2.89,2.89,2.89,2.89,1.64,1.64,1.64,1.57,5.47,NA,3.23,3.23,3.23,3.23,1.84,1.84,1.84,1.75,6.12,NA,733,733,733,733,250,250,250,265,751,NA,0,0,0,0,0,0,0,0,0.295,NA,44,44,44,44,57.2,57.2,57.2,62.3,272,37,43,7,4,0.0873,5.54,4,192,4,502,2017-04-19 12:30:00,2017-05-02 10:00:00,2,NA,1.3,"Field",NA,NA,NA,NA,FALSE,"Inversion Dispersion small plots","micro met","Cereal","Band spread or trailing hose","None","Mix",2017-04-19,"","0-20",208,2443,2447,411
"INRAE","MetaMetha","MM2_2017_april_DIGL_2","SOERE-PRO-NOUZILLY","C",NA,2017-04-19 11:11:00,3,"../../data-submitted/03/INRAE/ALFAM2_template_8.0_META_METHA_Vf_v4.xlsx","DIGL_2","Inversion Dispersion small plots","see notes",NA,"D:1.I:INRAE.Pr:MetaMetha.F:../../data-submitted/03/INRAE/ALFAM2_template_8.0_META_METHA_Vf_v4.xlsx.E:MM2_2017_april_DIGL_2.F:SOERE-PRO-NOUZILLY.P:C.T:DIGL_2.R:NA.R2:.T:2017-04-19 11:11:00.M:Inversion Dispersion small plotssee notes","Moinard et al, under review",1800,47.5,0.79,"FR","Flat",17.1,62.3,20.6,1.33,"Loam",0.178,NA,NA,6.5,1.36,"No","No","mix","see ""experiments""",NA,"liquid","Anaerobic digestion","Mechanical separation",182,4.08,NA,3.84,1.97,NA,NA,NA,7.73,2017-04-19 11:20:00,"bsth",31.9,"t/ha","none",NA,50,NA,NA,NA,"cereal",35,NA,NA,NA,13,NA,"19-04-2017 11:11","19-04-2017 11:20","D:1.I:INRAE.Pr:MetaMetha.F:../../data-submitted/03/INRAE/ALFAM2_template_8.0_META_METHA_Vf_v4.xlsx.E:MM2_2017_april_DIGL_2.F:SOERE-PRO-NOUZILLY.P:C.T:DIGL_2.R:NA.R2:.T:2017-04-19 11:11:00","D:1.I:INRAE.Pr:MetaMetha.E:MM2_2017_april_DIGL_2","","Génermont, Sophie",62.7,NA,NA,10.5,11.6,13.9,15.6,16.1,16.5,17.8,17,17,NA,NA,10.5,11.6,13.9,15.6,16.1,16.5,17.8,17,17,NA,NA,0.167,0.185,0.222,0.249,0.256,0.263,0.284,0.271,0.271,NA,NA,0,0,0,0,0,0,0.871,41.8,41.8,NA,NA,11.3,11.3,11.3,6.49,6.49,6.49,9.45,34.1,NA,NA,NA,NA,NA,NA,NA,NA,NA,NA,NA,NA,NA,NA,NA,NA,NA,NA,NA,NA,NA,NA,2.89,2.89,2.89,1.66,1.66,1.66,1.57,5.45,NA,NA,3.23,3.23,3.23,1.86,1.86,1.86,1.76,6.1,NA,NA,741,741,741,258,258,258,268,750,NA,NA,0,0,0,0,0,0,0,0.293,NA,NA,47.2,47.2,47.2,57.3,57.3,57.3,62.3,271,30,36,7,4.75,0.0344,2.16,4.75,192,4.75,503,2017-04-19 11:30:00,2017-05-02 10:00:00,2,NA,1.3,"Field",NA,NA,NA,NA,FALSE,"Inversion Dispersion small plots","micro met","Cereal","Band spread or trailing hose","None","Mix",2017-04-19,"","0-20",208,2444,2448,412
"INRAE","MetaMetha","MM2_2017_april_LIS_2","SOERE-PRO-NOUZILLY","A",NA,2017-04-19 10:25:00,3,"../../data-submitted/03/INRAE/ALFAM2_template_8.0_META_METHA_Vf_v4.xlsx","LIS_2","Inversion Dispersion small plots","see notes",NA,"D:1.I:INRAE.Pr:MetaMetha.F:../../data-submitted/03/INRAE/ALFAM2_template_8.0_META_METHA_Vf_v4.xlsx.E:MM2_2017_april_LIS_2.F:SOERE-PRO-NOUZILLY.P:A.T:LIS_2.R:NA.R2:.T:2017-04-19 10:25:00.M:Inversion Dispersion small plotssee notes","Moinard et al, under review",1800,47.5,0.79,"FR","Flat",15.4,59.2,24.7,1.46,"Loam",0.162,NA,NA,6.4,1.36,"No","No","cat","Dairy",NA,"liquid","None",NA,182,0.772,NA,0.98,0.754,NA,NA,NA,7.47,2017-04-19 10:36:00,"bsth",60.4,"t/ha","none",NA,50,NA,NA,NA,"cereal",35,NA,NA,NA,6,NA,"19-04-2017 10:25","19-04-2017 10:36","D:1.I:INRAE.Pr:MetaMetha.F:../../data-submitted/03/INRAE/ALFAM2_template_8.0_META_METHA_Vf_v4.xlsx.E:MM2_2017_april_LIS_2.F:SOERE-PRO-NOUZILLY.P:A.T:LIS_2.R:NA.R2:.T:2017-04-19 10:25:00","D:1.I:INRAE.Pr:MetaMetha.E:MM2_2017_april_LIS_2","","Génermont, Sophie",45.5,NA,NA,5.39,5.79,6.57,7.1,7.23,7.36,7.63,6.57,6.57,NA,NA,5.39,5.79,6.57,7.1,7.23,7.36,7.63,6.57,6.57,NA,NA,0.118,0.127,0.144,0.156,0.159,0.162,0.168,0.144,0.144,NA,NA,0,0,0,0,0,0,0.842,41.8,41.8,NA,NA,11,11,11,6.55,6.55,6.55,9.45,34,NA,NA,NA,NA,NA,NA,NA,NA,NA,NA,NA,NA,NA,NA,NA,NA,NA,NA,NA,NA,NA,NA,2.9,2.9,2.9,1.68,1.68,1.68,1.58,5.43,NA,NA,3.25,3.25,3.25,1.88,1.88,1.88,1.77,6.08,NA,NA,743,743,743,262,262,262,269,749,NA,NA,0,0,0,0,0,0,0,0.291,NA,NA,49.4,49.4,49.4,57.3,57.3,57.3,62.2,270,23,29,7,4.33,0.0268,1.22,4.33,192,4.33,504,2017-04-19 10:40:00,2017-05-02 10:00:00,2,NA,1.3,"Field",NA,NA,NA,NA,FALSE,"Inversion Dispersion small plots","micro met","Cereal","Band spread or trailing hose","None","Cattle",2017-04-19,"","0-20",208,2445,2449,413
"INRAE","MetaMetha","MM3_2017_august_DIGB_3","SOERE-PRO-NOUZILLY","E",NA,2017-08-02 10:40:00,3,"../../data-submitted/03/INRAE/ALFAM2_template_8.0_META_METHA_Vf_v4.xlsx","DIGB_3","Inversion Dispersion small plots","see notes",NA,"D:1.I:INRAE.Pr:MetaMetha.F:../../data-submitted/03/INRAE/ALFAM2_template_8.0_META_METHA_Vf_v4.xlsx.E:MM3_2017_august_DIGB_3.F:SOERE-PRO-NOUZILLY.P:E.T:DIGB_3.R:NA.R2:.T:2017-08-02 10:40:00.M:Inversion Dispersion small plotssee notes","Moinard et al, under review",1800,47.5,0.79,"FR","Flat",15.8,70.6,13.6,1.28,"Loam",0.26,NA,NA,6.1,1.36,"Yes","No","mix","see ""experiments""",NA,"liquid","Anaerobic digestion","None",182,6.13,NA,4.18,2.08,NA,NA,NA,8.09,2017-08-02 10:50:00,"bsth",31.8,"t/ha","shallow",27,50,NA,NA,NA,"bare soil",0,0,NA,"15 cm of crop residues",21,NA,"02-08-2017 10:40","02-08-2017 10:50","D:1.I:INRAE.Pr:MetaMetha.F:../../data-submitted/03/INRAE/ALFAM2_template_8.0_META_METHA_Vf_v4.xlsx.E:MM3_2017_august_DIGB_3.F:SOERE-PRO-NOUZILLY.P:E.T:DIGB_3.R:NA.R2:.T:2017-08-02 10:40:00","D:1.I:INRAE.Pr:MetaMetha.E:MM3_2017_august_DIGB_3","","Génermont, Sophie",66.1,NA,NA,NA,53.4,57.8,60.1,60.1,60,NA,59.8,59.8,NA,NA,NA,53.4,57.8,60.1,60.1,60,NA,59.8,59.8,NA,NA,NA,0.808,0.874,0.909,0.908,0.907,NA,0.904,0.904,NA,NA,NA,0,0,0,1.13,2.41,NA,5.2,5.2,NA,NA,NA,27.6,27.6,22.7,21.6,21.6,19.7,19.7,NA,NA,NA,NA,NA,NA,NA,NA,NA,NA,NA,NA,NA,NA,NA,NA,NA,NA,NA,NA,NA,NA,NA,3.56,3.56,2.73,2.52,2.52,1.92,1.92,NA,NA,NA,3.88,3.88,2.97,2.74,2.74,2.09,2.09,NA,NA,NA,732,732,335,261,261,244,244,NA,NA,NA,0,0,0,0,0,0.0351,0.0351,NA,NA,NA,42.3,42.3,64.6,66.6,66.6,67,67,52,55,4,6.75,0.115,7.64,6.75,97.5,6.75,148,2017-08-02 11:15:00,2017-08-04 14:00:00,2,NA,1.3,"Field",NA,NA,NA,NA,FALSE,"Inversion Dispersion small plots","micro met","Bare soil","Band spread or trailing hose","Shallow","Mix",2017-08-02,"","0-20",208,2446,2450,414
"INRAE","MetaMetha","MM3_2017_august_DIGS_1","SOERE-PRO-NOUZILLY","C",NA,2017-08-02 14:29:00,3,"../../data-submitted/03/INRAE/ALFAM2_template_8.0_META_METHA_Vf_v4.xlsx","DIGS_1","Inversion Dispersion small plots","see notes",NA,"D:1.I:INRAE.Pr:MetaMetha.F:../../data-submitted/03/INRAE/ALFAM2_template_8.0_META_METHA_Vf_v4.xlsx.E:MM3_2017_august_DIGS_1.F:SOERE-PRO-NOUZILLY.P:C.T:DIGS_1.R:NA.R2:.T:2017-08-02 14:29:00.M:Inversion Dispersion small plotssee notes","Moinard et al, under review",1800,47.5,0.79,"FR","Flat",17.1,62.3,20.6,1.33,"Loam",0.178,NA,NA,6.5,1.36,"Yes","No","mix","see ""experiments""",NA,"solid","Anaerobic digestion","Mechanical separation",182,30.7,NA,6.21,1.3,NA,NA,NA,9.25,2017-08-02 15:07:00,"bc",33.2,"t/ha","shallow",23,50,NA,NA,NA,"bare soil",0,0,NA,"15 cm of crop residues",14,NA,"02-08-2017 14:29","02-08-2017 15:07","D:1.I:INRAE.Pr:MetaMetha.F:../../data-submitted/03/INRAE/ALFAM2_template_8.0_META_METHA_Vf_v4.xlsx.E:MM3_2017_august_DIGS_1.F:SOERE-PRO-NOUZILLY.P:C.T:DIGS_1.R:NA.R2:.T:2017-08-02 14:29:00","D:1.I:INRAE.Pr:MetaMetha.E:MM3_2017_august_DIGS_1","","Génermont, Sophie",43.3,NA,15.5,16.2,18.2,22.2,12.8,12.8,12.8,NA,12.8,12.8,NA,15.5,16.2,18.2,22.2,12.8,12.8,12.8,NA,12.8,12.8,NA,0.358,0.373,0.42,0.514,0.295,0.295,0.295,NA,0.295,0.295,NA,0,0,0,0,0.08,1.36,2.64,NA,5.2,5.2,NA,29.2,29.2,29.2,29.2,21.1,21.1,21.1,19.5,19.5,NA,NA,NA,NA,NA,NA,NA,NA,NA,NA,NA,NA,NA,NA,NA,NA,NA,NA,NA,NA,NA,3.94,3.94,3.94,3.94,2.45,2.45,2.45,1.88,1.88,NA,4.29,4.29,4.29,4.29,2.66,2.66,2.66,2.05,2.05,NA,610,610,610,610,211,211,211,228,228,NA,0,0,0,0,0,0,0,0.0361,0.0361,NA,41.3,41.3,41.3,41.3,68.8,68.8,68.8,67.7,67.7,48,51,4,2.5,0.138,6,2.5,97.5,2.5,144,2017-08-02 15:30:00,2017-08-04 14:00:00,2,NA,1.3,"Field",NA,NA,NA,NA,FALSE,"Inversion Dispersion small plots","micro met","Bare soil","Broadcast","Shallow","Mix",2017-08-02,"","0-20",208,2447,2451,415
"INRAE","MetaMetha","MM3_2017_august_FUM_1","SOERE-PRO-NOUZILLY","A",NA,2017-08-02 10:26:00,3,"../../data-submitted/03/INRAE/ALFAM2_template_8.0_META_METHA_Vf_v4.xlsx","FUM_1","Inversion Dispersion small plots","see notes",NA,"D:1.I:INRAE.Pr:MetaMetha.F:../../data-submitted/03/INRAE/ALFAM2_template_8.0_META_METHA_Vf_v4.xlsx.E:MM3_2017_august_FUM_1.F:SOERE-PRO-NOUZILLY.P:A.T:FUM_1.R:NA.R2:.T:2017-08-02 10:26:00.M:Inversion Dispersion small plotssee notes","Moinard et al, under review",1800,47.5,0.79,"FR","Flat",15.4,59.2,24.7,1.46,"Loam",0.162,NA,NA,6.4,1.36,"Yes","No","cat","Dairy",NA,"solid","None",NA,182,35,NA,7.98,0.579,NA,NA,NA,9.96,2017-08-02 12:14:00,"bc",34.6,"t/ha","shallow",29,50,NA,NA,NA,"bare soil",0,0,NA,"Height (cm): 15 cm of crop residues, no plant present in the field",7,NA,"02-08-2017 10:26","02-08-2017 12:14","D:1.I:INRAE.Pr:MetaMetha.F:../../data-submitted/03/INRAE/ALFAM2_template_8.0_META_METHA_Vf_v4.xlsx.E:MM3_2017_august_FUM_1.F:SOERE-PRO-NOUZILLY.P:A.T:FUM_1.R:NA.R2:.T:2017-08-02 10:26:00","D:1.I:INRAE.Pr:MetaMetha.E:MM3_2017_august_FUM_1","","Génermont, Sophie",20,NA,NA,35.2,36.2,38.1,28.7,27.4,27.1,NA,26.4,26.4,NA,NA,35.2,36.2,38.1,28.7,27.4,27.1,NA,26.4,26.4,NA,NA,1.76,1.81,1.91,1.44,1.37,1.35,NA,1.32,1.32,NA,NA,0,0,0,0,1.17,2.45,NA,5.2,5.2,NA,NA,28.1,28.1,28.1,22.7,21.5,21.5,19.7,19.7,NA,NA,NA,NA,NA,NA,NA,NA,NA,NA,NA,NA,NA,NA,NA,NA,NA,NA,NA,NA,NA,NA,3.7,3.7,3.7,2.74,2.52,2.52,1.92,1.92,NA,NA,4.03,4.03,4.03,2.98,2.74,2.74,2.09,2.09,NA,NA,726,726,726,323,253,253,242,242,NA,NA,0,0,0,0,0,0,0.0353,0.0353,NA,NA,41.8,41.8,41.8,65,67,67,67.1,67.1,44,47,4,6,0.293,5.87,6,97.5,6,148,2017-08-02 12:00:00,2017-08-04 14:00:00,2,NA,1.3,"Field",NA,NA,NA,NA,FALSE,"Inversion Dispersion small plots","micro met","Bare soil","Broadcast","Shallow","Cattle",2017-08-02,"","0-20",208,2448,2452,416
"INRAE","MetaMetha","MM4_2018_march_DIGB_4","SOERE-PRO-NOUZILLY","E",NA,2018-03-21 11:45:00,3,"../../data-submitted/03/INRAE/ALFAM2_template_8.0_META_METHA_Vf_v4.xlsx","DIGB_4","Inversion Dispersion small plots","see notes",NA,"D:1.I:INRAE.Pr:MetaMetha.F:../../data-submitted/03/INRAE/ALFAM2_template_8.0_META_METHA_Vf_v4.xlsx.E:MM4_2018_march_DIGB_4.F:SOERE-PRO-NOUZILLY.P:E.T:DIGB_4.R:NA.R2:.T:2018-03-21 11:45:00.M:Inversion Dispersion small plotssee notes","Moinard et al, under review",1800,47.5,0.79,"FR","Flat",15.8,70.6,13.6,1.28,"Loam",0.26,NA,NA,6.1,1.36,NA,"No","mix","see ""experiments""",NA,"liquid","Anaerobic digestion","None",182,7.11,NA,5.19,2.58,NA,NA,NA,8.1,2018-03-21 11:45:00,"bsth",31.9,"t/ha","none",NA,NA,NA,NA,NA,"rapeseed",60,NA,NA,"crop height changes between measurement series: S1: 60; S2:35; S3:75; S4: 100; S5: 130",22,NA,"21-03-2018 11:45","21-03-2018 11:45","D:1.I:INRAE.Pr:MetaMetha.F:../../data-submitted/03/INRAE/ALFAM2_template_8.0_META_METHA_Vf_v4.xlsx.E:MM4_2018_march_DIGB_4.F:SOERE-PRO-NOUZILLY.P:E.T:DIGB_4.R:NA.R2:.T:2018-03-21 11:45:00","D:1.I:INRAE.Pr:MetaMetha.E:MM4_2018_march_DIGB_4","","Génermont, Sophie",82.3,NA,NA,NA,NA,8.12,15.6,17.9,19.4,22.9,23.9,23.9,NA,NA,NA,NA,8.12,15.6,17.9,19.4,22.9,23.9,23.9,NA,NA,NA,NA,0.0986,0.189,0.218,0.236,0.279,0.29,0.29,NA,NA,NA,NA,0,0,4.07,8.77,23.4,113,113,NA,NA,NA,NA,2.54,2.54,4,4,6.89,29.1,NA,NA,NA,NA,NA,NA,NA,NA,NA,NA,NA,NA,NA,NA,NA,NA,NA,NA,NA,NA,NA,NA,NA,NA,1.25,1.25,1.73,1.73,1.64,6.41,NA,NA,NA,NA,1.43,1.43,1.97,1.97,1.87,7.31,NA,NA,NA,NA,145,145,114,114,114,379,NA,NA,NA,NA,0,0,0,0,0.129,0.758,NA,NA,NA,NA,79.6,79.6,80.1,80.1,86,279,66,70,5,21.8,0.00414,0.341,21.8,172,21.8,484,2018-03-21 11:45:00,2018-04-03 11:30:00,2,NA,1.3,"Field",NA,NA,NA,NA,FALSE,"Inversion Dispersion small plots","micro met","Rapeseed","Band spread or trailing hose","None","Mix",2018-03-21,"","0-20",208,2449,2453,417
"INRAE","MetaMetha","MM4_2018_march_DIGL_3","SOERE-PRO-NOUZILLY","C",NA,2018-03-21 14:15:00,3,"../../data-submitted/03/INRAE/ALFAM2_template_8.0_META_METHA_Vf_v4.xlsx","DIGL_3","Inversion Dispersion small plots","see notes",NA,"D:1.I:INRAE.Pr:MetaMetha.F:../../data-submitted/03/INRAE/ALFAM2_template_8.0_META_METHA_Vf_v4.xlsx.E:MM4_2018_march_DIGL_3.F:SOERE-PRO-NOUZILLY.P:C.T:DIGL_3.R:NA.R2:.T:2018-03-21 14:15:00.M:Inversion Dispersion small plotssee notes","Moinard et al, under review",1800,47.5,0.79,"FR","Flat",17.1,62.3,20.6,1.33,"Loam",0.178,NA,NA,6.5,1.36,NA,"No","mix","see ""experiments""",NA,"liquid","Anaerobic digestion","Mechanical separation",182,6.58,NA,5.49,2.71,NA,NA,NA,8.1,2018-03-21 14:15:00,"bsth",36,"t/ha","none",NA,NA,NA,NA,NA,"rapeseed",60,NA,NA,"crop height changes between measurement series: S1: 60; S2:35; S3:75; S4: 100; S5: 130",15,NA,"21-03-2018 14:15","21-03-2018 14:15","D:1.I:INRAE.Pr:MetaMetha.F:../../data-submitted/03/INRAE/ALFAM2_template_8.0_META_METHA_Vf_v4.xlsx.E:MM4_2018_march_DIGL_3.F:SOERE-PRO-NOUZILLY.P:C.T:DIGL_3.R:NA.R2:.T:2018-03-21 14:15:00","D:1.I:INRAE.Pr:MetaMetha.E:MM4_2018_march_DIGL_3","","Génermont, Sophie",97.7,NA,NA,NA,NA,6.86,13.4,15.5,17.4,21.7,23.4,23.4,NA,NA,NA,NA,6.86,13.4,15.5,17.4,21.7,23.4,23.4,NA,NA,NA,NA,0.0702,0.137,0.158,0.178,0.222,0.239,0.239,NA,NA,NA,NA,0,0,4.56,9.26,24,113,113,NA,NA,NA,NA,1.94,1.94,3.83,3.83,6.88,29.5,NA,NA,NA,NA,NA,NA,NA,NA,NA,NA,NA,NA,NA,NA,NA,NA,NA,NA,NA,NA,NA,NA,NA,NA,1.02,1.02,1.66,1.66,1.61,6.47,NA,NA,NA,NA,1.16,1.16,1.89,1.89,1.84,7.37,NA,NA,NA,NA,79.6,79.6,87.1,87.1,104,374,NA,NA,NA,NA,0,0,0,0,0.131,0.771,NA,NA,NA,NA,82.4,82.4,81.3,81.3,86.5,283,61,65,5,19.2,0.00296,0.29,19.2,172,19.2,482,2018-03-21 14:15:00,2018-04-03 11:30:00,2,NA,1.3,"Field",NA,NA,NA,NA,FALSE,"Inversion Dispersion small plots","micro met","Rapeseed","Band spread or trailing hose","None","Mix",2018-03-21,"","0-20",208,2450,2454,418
"INRAE","MetaMetha","MM4_2018_march_LIS_3","SOERE-PRO-NOUZILLY","A",NA,2018-03-21 15:30:00,3,"../../data-submitted/03/INRAE/ALFAM2_template_8.0_META_METHA_Vf_v4.xlsx","LIS_3","Inversion Dispersion small plots","see notes",NA,"D:1.I:INRAE.Pr:MetaMetha.F:../../data-submitted/03/INRAE/ALFAM2_template_8.0_META_METHA_Vf_v4.xlsx.E:MM4_2018_march_LIS_3.F:SOERE-PRO-NOUZILLY.P:A.T:LIS_3.R:NA.R2:.T:2018-03-21 15:30:00.M:Inversion Dispersion small plotssee notes","Moinard et al, under review",1800,47.5,0.79,"FR","Flat",15.4,59.2,24.7,1.46,"Loam",0.162,NA,NA,6.4,1.36,NA,"No","cat","Dairy",NA,"liquid","None",NA,182,7.47,NA,3.28,1.26,NA,NA,NA,6.6,2018-03-21 15:30:00,"bsth",26.7,"t/ha","none",NA,NA,NA,NA,NA,"rapeseed",60,NA,NA,"crop height changes between measurement series: S1: 60; S2:35; S3:75; S4: 100; S5: 130",8,NA,"21-03-2018 15:30","21-03-2018 15:30","D:1.I:INRAE.Pr:MetaMetha.F:../../data-submitted/03/INRAE/ALFAM2_template_8.0_META_METHA_Vf_v4.xlsx.E:MM4_2018_march_LIS_3.F:SOERE-PRO-NOUZILLY.P:A.T:LIS_3.R:NA.R2:.T:2018-03-21 15:30:00","D:1.I:INRAE.Pr:MetaMetha.E:MM4_2018_march_LIS_3","","Génermont, Sophie",33.6,NA,NA,NA,NA,0.629,1.4,1.53,1.66,2.03,2.06,2.06,NA,NA,NA,NA,0.629,1.4,1.53,1.66,2.03,2.06,2.06,NA,NA,NA,NA,0.0187,0.0416,0.0455,0.0495,0.0604,0.0612,0.0612,NA,NA,NA,NA,0,0.098,4.8,9.5,24.2,113,113,NA,NA,NA,NA,1.61,3.76,3.76,3.76,6.88,29.7,NA,NA,NA,NA,NA,NA,NA,NA,NA,NA,NA,NA,NA,NA,NA,NA,NA,NA,NA,NA,NA,NA,NA,NA,0.929,1.64,1.64,1.64,1.61,6.5,NA,NA,NA,NA,1.06,1.87,1.87,1.87,1.83,7.41,NA,NA,NA,NA,54.6,77.8,77.8,77.8,102,374,NA,NA,NA,NA,0,0,0,0,0.132,0.778,NA,NA,NA,NA,83.9,81.8,81.8,81.8,86.7,285,56,60,5,18,0.000716,0.0241,18,172,18,480,2018-03-21 15:30:00,2018-04-03 11:30:00,2,NA,1.3,"Field",NA,NA,NA,NA,FALSE,"Inversion Dispersion small plots","micro met","Rapeseed","Band spread or trailing hose","None","Cattle",2018-03-21,"","0-20",208,2451,2455,419
"INRAE","MetaMetha","MM5_2018_september_DIGB_5","SOERE-PRO-NOUZILLY","E",NA,2018-09-19 12:33:00,3,"../../data-submitted/03/INRAE/ALFAM2_template_8.0_META_METHA_Vf_v4.xlsx","DIGB_5","Inversion Dispersion small plots","see notes",NA,"D:1.I:INRAE.Pr:MetaMetha.F:../../data-submitted/03/INRAE/ALFAM2_template_8.0_META_METHA_Vf_v4.xlsx.E:MM5_2018_september_DIGB_5.F:SOERE-PRO-NOUZILLY.P:E.T:DIGB_5.R:NA.R2:.T:2018-09-19 12:33:00.M:Inversion Dispersion small plotssee notes","Moinard et al, under review",1800,47.5,0.79,"FR","Flat",15.8,70.6,13.6,1.28,"Loam",0.26,NA,NA,6.1,1.36,"No","No","mix","see ""experiments""",NA,"liquid","Anaerobic digestion","None",182,7.6,NA,5.53,2.81,NA,NA,NA,8.2,2018-09-19 12:41:00,"bsth",15.6,"t/ha","shallow",23,25,NA,NA,NA,"bare soil",0,0,NA,NA,23,NA,"19-09-2018 12:33","19-09-2018 12:41","D:1.I:INRAE.Pr:MetaMetha.F:../../data-submitted/03/INRAE/ALFAM2_template_8.0_META_METHA_Vf_v4.xlsx.E:MM5_2018_september_DIGB_5.F:SOERE-PRO-NOUZILLY.P:E.T:DIGB_5.R:NA.R2:.T:2018-09-19 12:33:00","D:1.I:INRAE.Pr:MetaMetha.E:MM5_2018_september_DIGB_5","","Génermont, Sophie",43.9,NA,NA,NA,10.4,10.9,11.2,11.2,11.3,NA,11.3,11.3,NA,NA,NA,10.4,10.9,11.2,11.2,11.3,NA,11.3,11.3,NA,NA,NA,0.237,0.249,0.255,0.256,0.257,NA,0.258,0.258,NA,NA,NA,0,0,15.2,15.5,19.9,NA,24,24,NA,NA,NA,23.9,18,18.6,16.4,16.4,16,16,NA,NA,NA,NA,NA,NA,NA,NA,NA,NA,NA,NA,NA,NA,NA,NA,NA,NA,NA,NA,NA,NA,NA,2.7,1.35,1.77,1.6,1.6,2.06,2.06,NA,NA,NA,2.94,1.47,1.93,1.74,1.74,2.24,2.24,NA,NA,NA,370,141,137,127,127,103,103,NA,NA,NA,0,0,0.327,0.216,0.216,0.203,0.203,NA,NA,NA,56.7,80.4,79.9,81.2,81.2,84.3,84.3,83,88,6,7.5,0.0309,1.36,7.5,48,7.5,118,2018-09-19 11:45:00,2018-09-22 10:15:00,2,NA,1.3,"Field",NA,NA,NA,NA,FALSE,"Inversion Dispersion small plots","micro met","Bare soil","Band spread or trailing hose","Shallow","Mix",2018-09-19,"","0-20",208,2452,2456,420
"INRAE","MetaMetha","MM5_2018_september_DIGS_2","SOERE-PRO-NOUZILLY","C",NA,2018-09-19 11:29:00,3,"../../data-submitted/03/INRAE/ALFAM2_template_8.0_META_METHA_Vf_v4.xlsx","DIGS_2","Inversion Dispersion small plots","see notes",NA,"D:1.I:INRAE.Pr:MetaMetha.F:../../data-submitted/03/INRAE/ALFAM2_template_8.0_META_METHA_Vf_v4.xlsx.E:MM5_2018_september_DIGS_2.F:SOERE-PRO-NOUZILLY.P:C.T:DIGS_2.R:NA.R2:.T:2018-09-19 11:29:00.M:Inversion Dispersion small plotssee notes","Moinard et al, under review",1800,47.5,0.79,"FR","Flat",17.1,62.3,20.6,1.33,"Loam",0.178,NA,NA,6.5,1.36,"No","No","mix","see ""experiments""",NA,"solid","Anaerobic digestion","Mechanical separation",182,23.7,NA,6.97,1.82,NA,NA,NA,9.35,2018-09-19 11:49:00,"bc",15.8,"t/ha","shallow",23.5,25,NA,NA,NA,"bare soil",0,0,NA,NA,16,NA,"19-09-2018 11:29","19-09-2018 11:49","D:1.I:INRAE.Pr:MetaMetha.F:../../data-submitted/03/INRAE/ALFAM2_template_8.0_META_METHA_Vf_v4.xlsx.E:MM5_2018_september_DIGS_2.F:SOERE-PRO-NOUZILLY.P:C.T:DIGS_2.R:NA.R2:.T:2018-09-19 11:29:00","D:1.I:INRAE.Pr:MetaMetha.E:MM5_2018_september_DIGS_2","","Génermont, Sophie",28.8,NA,NA,NA,28.6,29.1,29.4,29.5,29.5,NA,29.6,29.6,NA,NA,NA,28.6,29.1,29.4,29.5,29.5,NA,29.6,29.6,NA,NA,NA,0.993,1.01,1.02,1.02,1.03,NA,1.03,1.03,NA,NA,NA,0,0,15.2,15.5,19.9,NA,24,24,NA,NA,NA,23.9,18,18.6,16.4,16.4,16,16,NA,NA,NA,NA,NA,NA,NA,NA,NA,NA,NA,NA,NA,NA,NA,NA,NA,NA,NA,NA,NA,NA,NA,2.7,1.35,1.77,1.6,1.6,2.06,2.06,NA,NA,NA,2.94,1.47,1.93,1.74,1.74,2.24,2.24,NA,NA,NA,370,141,137,127,127,103,103,NA,NA,NA,0,0,0.327,0.216,0.216,0.203,0.203,NA,NA,NA,56.7,80.4,79.9,81.2,81.2,84.3,84.3,77,82,6,7.5,0.132,3.79,7.5,48,7.5,118,2018-09-19 11:45:00,2018-09-22 10:15:00,2,NA,1.3,"Field",NA,NA,NA,NA,FALSE,"Inversion Dispersion small plots","micro met","Bare soil","Broadcast","Shallow","Mix",2018-09-19,"","0-20",208,2453,2457,421
"INRAE","MetaMetha","MM5_2018_september_FUM_2","SOERE-PRO-NOUZILLY","A",NA,2018-09-19 10:29:00,3,"../../data-submitted/03/INRAE/ALFAM2_template_8.0_META_METHA_Vf_v4.xlsx","FUM_2","Inversion Dispersion small plots","see notes",NA,"D:1.I:INRAE.Pr:MetaMetha.F:../../data-submitted/03/INRAE/ALFAM2_template_8.0_META_METHA_Vf_v4.xlsx.E:MM5_2018_september_FUM_2.F:SOERE-PRO-NOUZILLY.P:A.T:FUM_2.R:NA.R2:.T:2018-09-19 10:29:00.M:Inversion Dispersion small plotssee notes","Moinard et al, under review",1800,47.5,0.79,"FR","Flat",15.4,59.2,24.7,1.46,"Loam",0.162,NA,NA,6.4,1.36,"No","No","cat","Dairy",NA,"solid","None",NA,182,30.1,NA,8.57,0.793,NA,NA,NA,9.5,2018-09-19 10:47:00,"bc",12.2,"t/ha","shallow",24,100,NA,NA,NA,"bare soil",0,0,NA,NA,9,NA,"19-09-2018 10:29","19-09-2018 10:47","D:1.I:INRAE.Pr:MetaMetha.F:../../data-submitted/03/INRAE/ALFAM2_template_8.0_META_METHA_Vf_v4.xlsx.E:MM5_2018_september_FUM_2.F:SOERE-PRO-NOUZILLY.P:A.T:FUM_2.R:NA.R2:.T:2018-09-19 10:29:00","D:1.I:INRAE.Pr:MetaMetha.E:MM5_2018_september_FUM_2","","Génermont, Sophie",9.67,NA,NA,NA,5.26,5.32,5.35,5.33,5.32,NA,5.3,5.3,NA,NA,NA,5.26,5.32,5.35,5.33,5.32,NA,5.3,5.3,NA,NA,NA,0.544,0.55,0.553,0.552,0.55,NA,0.548,0.548,NA,NA,NA,0,0,15.2,15.5,19.9,NA,24,24,NA,NA,NA,23.9,18,18.6,16.4,16.4,16,16,NA,NA,NA,NA,NA,NA,NA,NA,NA,NA,NA,NA,NA,NA,NA,NA,NA,NA,NA,NA,NA,NA,NA,2.7,1.35,1.77,1.6,1.6,2.06,2.06,NA,NA,NA,2.94,1.47,1.93,1.74,1.74,2.24,2.24,NA,NA,NA,370,141,137,127,127,103,103,NA,NA,NA,0,0,0.327,0.216,0.216,0.203,0.203,NA,NA,NA,56.7,80.4,79.9,81.2,81.2,84.3,84.3,71,76,6,7.5,0.0722,0.698,7.5,48,7.5,118,2018-09-19 11:45:00,2018-09-22 10:15:00,2,NA,1.3,"Field",NA,NA,NA,NA,FALSE,"Inversion Dispersion small plots","micro met","Bare soil","Broadcast","Shallow","Cattle",2018-09-19,"","0-20",208,2454,2458,422
"INRAE","MetaMetha","MM6_2019_february_DIGB_6","SOERE-PRO-NOUZILLY","E",NA,2019-02-19 15:45:00,3,"../../data-submitted/03/INRAE/ALFAM2_template_8.0_META_METHA_Vf_v4.xlsx","DIGB_6","Inversion Dispersion small plots","see notes",NA,"D:1.I:INRAE.Pr:MetaMetha.F:../../data-submitted/03/INRAE/ALFAM2_template_8.0_META_METHA_Vf_v4.xlsx.E:MM6_2019_february_DIGB_6.F:SOERE-PRO-NOUZILLY.P:E.T:DIGB_6.R:NA.R2:.T:2019-02-19 15:45:00.M:Inversion Dispersion small plotssee notes","Moinard et al, under review",1800,47.5,0.79,"FR","Flat",15.8,70.6,13.6,1.28,"Loam",0.26,NA,NA,6.1,1.36,NA,"No","mix","see ""experiments""",NA,"liquid","Anaerobic digestion","None",182,6.1,NA,4.57,3.87,NA,NA,NA,7.9,2019-02-19 15:45:00,"bsth",12.4,"t/ha","none",NA,100,NA,NA,NA,"cereal",0,NA,NA,NA,24,NA,"19-02-2019 15:45","19-02-2019 15:45","D:1.I:INRAE.Pr:MetaMetha.F:../../data-submitted/03/INRAE/ALFAM2_template_8.0_META_METHA_Vf_v4.xlsx.E:MM6_2019_february_DIGB_6.F:SOERE-PRO-NOUZILLY.P:E.T:DIGB_6.R:NA.R2:.T:2019-02-19 15:45:00","D:1.I:INRAE.Pr:MetaMetha.E:MM6_2019_february_DIGB_6","","Génermont, Sophie",47.9,NA,NA,3.85,4.52,6.35,7.61,8.09,8.27,NA,8.61,8.61,NA,NA,3.85,4.52,6.35,7.61,8.09,8.27,NA,8.61,8.61,NA,NA,0.0803,0.0944,0.132,0.159,0.169,0.173,NA,0.18,0.18,NA,NA,0,0,0,0.4,0.4,0.4,NA,0.4,0.4,NA,NA,11.1,11.1,5.94,6.89,7.26,7.26,8.33,8.33,NA,NA,NA,NA,NA,NA,NA,NA,NA,NA,NA,NA,NA,NA,NA,NA,NA,NA,NA,NA,NA,NA,1.38,1.38,0.888,0.923,1,1,1.29,1.29,NA,NA,1.5,1.5,0.967,1,1.09,1.09,1.41,1.41,NA,NA,153,153,46.7,87.4,95.9,95.9,113,113,NA,NA,0,0,0,0.00918,0.00585,0.00585,0.00285,0.00285,NA,NA,79.7,79.7,94.7,93.4,89.3,89.3,79.8,79.8,102,107,6,5.33,0.0148,0.708,5.33,72.2,5.33,141,2019-02-19 14:10:00,2019-02-22 10:30:00,2,NA,1.3,"Field",NA,NA,NA,NA,FALSE,"Inversion Dispersion small plots","micro met","Cereal","Band spread or trailing hose","None","Mix",2019-02-19,"","0-20",208,2455,2459,423
"INRAE","MetaMetha","MM6_2019_february_DIGL_4","SOERE-PRO-NOUZILLY","C",NA,2019-02-19 11:15:00,3,"../../data-submitted/03/INRAE/ALFAM2_template_8.0_META_METHA_Vf_v4.xlsx","DIGL_4","Inversion Dispersion small plots","see notes",NA,"D:1.I:INRAE.Pr:MetaMetha.F:../../data-submitted/03/INRAE/ALFAM2_template_8.0_META_METHA_Vf_v4.xlsx.E:MM6_2019_february_DIGL_4.F:SOERE-PRO-NOUZILLY.P:C.T:DIGL_4.R:NA.R2:.T:2019-02-19 11:15:00.M:Inversion Dispersion small plotssee notes","Moinard et al, under review",1800,47.5,0.79,"FR","Flat",17.1,62.3,20.6,1.33,"Loam",0.178,NA,NA,6.5,1.36,NA,"No","mix","see ""experiments""",NA,"liquid","Anaerobic digestion","Mechanical separation",182,4.9,NA,4.29,2.43,NA,NA,NA,7.9,2019-02-19 11:15:00,"bsth",23.1,"t/ha","none",NA,100,NA,NA,NA,"cereal",0,NA,NA,NA,17,NA,"19-02-2019 11:15","19-02-2019 11:15","D:1.I:INRAE.Pr:MetaMetha.F:../../data-submitted/03/INRAE/ALFAM2_template_8.0_META_METHA_Vf_v4.xlsx.E:MM6_2019_february_DIGL_4.F:SOERE-PRO-NOUZILLY.P:C.T:DIGL_4.R:NA.R2:.T:2019-02-19 11:15:00","D:1.I:INRAE.Pr:MetaMetha.E:MM6_2019_february_DIGL_4","","Génermont, Sophie",56,NA,6.47,7.02,7.81,8.76,10.5,11.1,11.4,NA,12,12,NA,6.47,7.02,7.81,8.76,10.5,11.1,11.4,NA,12,12,NA,0.115,0.125,0.139,0.156,0.188,0.198,0.204,NA,0.214,0.214,NA,0,0,0,0,0.4,0.4,0.4,NA,0.4,0.4,NA,9.38,9.38,10.5,6.23,6.98,7.3,7.3,8.33,8.33,NA,NA,NA,NA,NA,NA,NA,NA,NA,NA,NA,NA,NA,NA,NA,NA,NA,NA,NA,NA,NA,1.04,1.04,1.23,0.884,0.919,0.996,0.996,1.28,1.28,NA,1.13,1.13,1.33,0.962,1,1.08,1.08,1.4,1.4,NA,419,419,232,82.9,103,106,106,118,118,NA,0,0,0,0,0.0086,0.00561,0.00561,0.00279,0.00279,NA,91.3,91.3,84.9,94.9,93.6,89.6,89.6,80.1,80.1,95,101,7,3.25,0.0344,1.93,3.25,72.2,3.25,144,2019-02-19 11:15:00,2019-02-22 10:30:00,2,NA,1.3,"Field",NA,NA,NA,NA,FALSE,"Inversion Dispersion small plots","micro met","Cereal","Band spread or trailing hose","None","Mix",2019-02-19,"","0-20",208,2456,2460,424
"INRAE","MetaMetha","MM6_2019_february_LIS_4","SOERE-PRO-NOUZILLY","A",NA,2019-02-19 16:15:00,3,"../../data-submitted/03/INRAE/ALFAM2_template_8.0_META_METHA_Vf_v4.xlsx","LIS_4","Inversion Dispersion small plots","see notes",NA,"D:1.I:INRAE.Pr:MetaMetha.F:../../data-submitted/03/INRAE/ALFAM2_template_8.0_META_METHA_Vf_v4.xlsx.E:MM6_2019_february_LIS_4.F:SOERE-PRO-NOUZILLY.P:A.T:LIS_4.R:NA.R2:.T:2019-02-19 16:15:00.M:Inversion Dispersion small plotssee notes","Moinard et al, under review",1800,47.5,0.79,"FR","Flat",15.4,59.2,24.7,1.46,"Loam",0.162,NA,NA,6.4,1.36,NA,"No","cat","Dairy",NA,"liquid","None",NA,182,4,NA,2.71,2,NA,NA,NA,7.5,2019-02-19 16:15:00,"bsth",23.5,"t/ha","none",NA,100,NA,NA,NA,"cereal",0,NA,NA,NA,10,NA,"19-02-2019 16:15","19-02-2019 16:15","D:1.I:INRAE.Pr:MetaMetha.F:../../data-submitted/03/INRAE/ALFAM2_template_8.0_META_METHA_Vf_v4.xlsx.E:MM6_2019_february_LIS_4.F:SOERE-PRO-NOUZILLY.P:A.T:LIS_4.R:NA.R2:.T:2019-02-19 16:15:00","D:1.I:INRAE.Pr:MetaMetha.E:MM6_2019_february_LIS_4","","Génermont, Sophie",47.1,NA,2.63,2.94,3.88,6.59,8.1,8.79,9.23,NA,10,10,NA,2.63,2.94,3.88,6.59,8.1,8.79,9.23,NA,10,10,NA,0.0559,0.0625,0.0823,0.14,0.172,0.187,0.196,NA,0.212,0.212,NA,0,0,0,0,0.4,0.4,0.4,NA,0.4,0.4,NA,11,11,11,5.24,6.63,7.11,7.11,8.27,8.27,NA,NA,NA,NA,NA,NA,NA,NA,NA,NA,NA,NA,NA,NA,NA,NA,NA,NA,NA,NA,NA,1.34,1.34,1.34,0.817,0.893,0.985,0.985,1.29,1.29,NA,1.46,1.46,1.46,0.89,0.972,1.07,1.07,1.4,1.4,NA,82,82,82,21.2,78.1,90.4,90.4,111,111,NA,0,0,0,0,0.00964,0.00604,0.00604,0.00289,0.00289,NA,82.6,82.6,82.6,97.1,94.4,89.8,89.8,79.9,79.9,89,94,6,3,0.0175,0.826,3,72.2,3,138,2019-02-19 16:15:00,2019-02-22 10:30:00,2,NA,1.3,"Field",NA,NA,NA,NA,FALSE,"Inversion Dispersion small plots","micro met","Cereal","Band spread or trailing hose","None","Cattle",2019-02-19,"","0-20",208,2457,2461,425
"INRAE","MetaMetha","MM7_2019_march_DIGB_7","SOERE-PRO-NOUZILLY","E",NA,2019-03-12 11:15:00,3,"../../data-submitted/03/INRAE/ALFAM2_template_8.0_META_METHA_Vf_v4.xlsx","DIGB_7","Inversion Dispersion small plots","see notes",NA,"D:1.I:INRAE.Pr:MetaMetha.F:../../data-submitted/03/INRAE/ALFAM2_template_8.0_META_METHA_Vf_v4.xlsx.E:MM7_2019_march_DIGB_7.F:SOERE-PRO-NOUZILLY.P:E.T:DIGB_7.R:NA.R2:.T:2019-03-12 11:15:00.M:Inversion Dispersion small plotssee notes","Moinard et al, under review",1800,47.5,0.79,"FR","Flat",15.8,70.6,13.6,1.28,"Loam",0.26,NA,NA,6.1,1.36,NA,"No","mix","see ""experiments""",NA,"liquid","Anaerobic digestion","None",182,6,NA,4.29,2.21,NA,NA,NA,7.93,2019-03-12 11:15:00,"bsth",20.2,"t/ha","none",NA,NA,NA,NA,NA,"cereal",17,NA,NA,NA,25,NA,"12-03-2019 11:15","12-03-2019 11:15","D:1.I:INRAE.Pr:MetaMetha.F:../../data-submitted/03/INRAE/ALFAM2_template_8.0_META_METHA_Vf_v4.xlsx.E:MM7_2019_march_DIGB_7.F:SOERE-PRO-NOUZILLY.P:E.T:DIGB_7.R:NA.R2:.T:2019-03-12 11:15:00","D:1.I:INRAE.Pr:MetaMetha.E:MM7_2019_march_DIGB_7","","Génermont, Sophie",44.6,NA,NA,NA,16.7,17.9,19.6,20.5,20.8,NA,21.5,21.5,NA,NA,NA,16.7,17.9,19.6,20.5,20.8,NA,21.5,21.5,NA,NA,NA,0.376,0.402,0.44,0.459,0.468,NA,0.483,0.483,NA,NA,NA,1.62,4.9,7.03,8.12,10.9,NA,16.4,16.4,NA,NA,NA,11.6,6.93,7.26,8.38,8.38,8.64,8.64,NA,NA,NA,NA,NA,NA,NA,NA,NA,NA,NA,NA,NA,NA,NA,NA,NA,NA,NA,NA,NA,NA,NA,5.67,3.57,3.4,3.73,3.73,3.58,3.58,NA,NA,NA,6.23,3.92,3.73,4.1,4.1,3.93,3.93,NA,NA,NA,286,96.2,104,79.8,79.8,97.9,97.9,NA,NA,NA,0.0286,0.204,0.148,0.113,0.113,0.115,0.115,NA,NA,NA,71,87.3,85.5,88,88,87.3,87.3,120,125,6,7,0.0522,2.33,7,71.5,7,142,2019-03-12 11:15:00,2019-03-15 10:15:00,2,NA,1.3,"Field",NA,NA,NA,NA,FALSE,"Inversion Dispersion small plots","micro met","Cereal","Band spread or trailing hose","None","Mix",2019-03-12,"","0-20",208,2458,2462,426
"INRAE","MetaMetha","MM7_2019_march_DIGL_5","SOERE-PRO-NOUZILLY","C",NA,2019-03-12 11:15:00,3,"../../data-submitted/03/INRAE/ALFAM2_template_8.0_META_METHA_Vf_v4.xlsx","DIGL_5","Inversion Dispersion small plots","see notes",NA,"D:1.I:INRAE.Pr:MetaMetha.F:../../data-submitted/03/INRAE/ALFAM2_template_8.0_META_METHA_Vf_v4.xlsx.E:MM7_2019_march_DIGL_5.F:SOERE-PRO-NOUZILLY.P:C.T:DIGL_5.R:NA.R2:.T:2019-03-12 11:15:00.M:Inversion Dispersion small plotssee notes","Moinard et al, under review",1800,47.5,0.79,"FR","Flat",17.1,62.3,20.6,1.33,"Loam",0.178,NA,NA,6.5,1.36,NA,"No","mix","see ""experiments""",NA,"liquid","Anaerobic digestion","Mechanical separation",182,4.8,NA,4.25,2.22,NA,NA,NA,8.13,2019-03-12 11:15:00,"bsth",17.8,"t/ha","none",NA,NA,NA,NA,NA,"cereal",18,NA,NA,NA,18,NA,"12-03-2019 11:15","12-03-2019 11:15","D:1.I:INRAE.Pr:MetaMetha.F:../../data-submitted/03/INRAE/ALFAM2_template_8.0_META_METHA_Vf_v4.xlsx.E:MM7_2019_march_DIGL_5.F:SOERE-PRO-NOUZILLY.P:C.T:DIGL_5.R:NA.R2:.T:2019-03-12 11:15:00","D:1.I:INRAE.Pr:MetaMetha.E:MM7_2019_march_DIGL_5","","Génermont, Sophie",39.6,NA,NA,NA,7.79,8.85,10.5,11.4,11.7,NA,12.4,12.4,NA,NA,NA,7.79,8.85,10.5,11.4,11.7,NA,12.4,12.4,NA,NA,NA,0.197,0.223,0.266,0.287,0.296,NA,0.313,0.313,NA,NA,NA,1.62,4.9,7.03,8.12,10.9,NA,16.4,16.4,NA,NA,NA,11.6,6.93,7.26,8.38,8.38,8.64,8.64,NA,NA,NA,NA,NA,NA,NA,NA,NA,NA,NA,NA,NA,NA,NA,NA,NA,NA,NA,NA,NA,NA,NA,5.67,3.57,3.4,3.73,3.73,3.58,3.58,NA,NA,NA,6.24,3.93,3.74,4.11,4.11,3.94,3.94,NA,NA,NA,286,96.2,104,79.8,79.8,97.9,97.9,NA,NA,NA,0.0286,0.204,0.148,0.113,0.113,0.115,0.115,NA,NA,NA,71,87.3,85.5,88,88,87.3,87.3,114,119,6,7,0.0267,1.06,7,71.5,7,142,2019-03-12 11:15:00,2019-03-15 10:15:00,2,NA,1.3,"Field",NA,NA,NA,NA,FALSE,"Inversion Dispersion small plots","micro met","Cereal","Band spread or trailing hose","None","Mix",2019-03-12,"","0-20",208,2459,2463,427
"INRAE","MetaMetha","MM7_2019_march_LIS_5","SOERE-PRO-NOUZILLY","A",NA,2019-03-12 13:10:00,3,"../../data-submitted/03/INRAE/ALFAM2_template_8.0_META_METHA_Vf_v4.xlsx","LIS_5","Inversion Dispersion small plots","see notes",NA,"D:1.I:INRAE.Pr:MetaMetha.F:../../data-submitted/03/INRAE/ALFAM2_template_8.0_META_METHA_Vf_v4.xlsx.E:MM7_2019_march_LIS_5.F:SOERE-PRO-NOUZILLY.P:A.T:LIS_5.R:NA.R2:.T:2019-03-12 13:10:00.M:Inversion Dispersion small plotssee notes","Moinard et al, under review",1800,47.5,0.79,"FR","Flat",15.4,59.2,24.7,1.46,"Loam",0.162,NA,NA,6.4,1.36,NA,"No","cat","Dairy",NA,"liquid","None",NA,182,3.17,NA,2.16,1.05,NA,NA,NA,7.9,2019-03-12 13:10:00,"bsth",18.4,"t/ha","none",NA,NA,NA,NA,NA,"cereal",17.5,NA,NA,NA,11,NA,"12-03-2019 13:10","12-03-2019 13:10","D:1.I:INRAE.Pr:MetaMetha.F:../../data-submitted/03/INRAE/ALFAM2_template_8.0_META_METHA_Vf_v4.xlsx.E:MM7_2019_march_LIS_5.F:SOERE-PRO-NOUZILLY.P:A.T:LIS_5.R:NA.R2:.T:2019-03-12 13:10:00","D:1.I:INRAE.Pr:MetaMetha.E:MM7_2019_march_LIS_5","","Génermont, Sophie",19.4,NA,NA,5.36,5.66,6.33,6.97,7.28,7.34,NA,7.45,7.45,NA,NA,5.36,5.66,6.33,6.97,7.28,7.34,NA,7.45,7.45,NA,NA,0.277,0.292,0.327,0.36,0.376,0.379,NA,0.385,0.385,NA,NA,0.46,2.16,5.28,7.11,8.34,11.2,NA,16.4,16.4,NA,NA,12,12,6.59,7.12,8.32,8.32,8.62,8.62,NA,NA,NA,NA,NA,NA,NA,NA,NA,NA,NA,NA,NA,NA,NA,NA,NA,NA,NA,NA,NA,NA,5.71,5.71,3.38,3.3,3.68,3.68,3.55,3.55,NA,NA,6.28,6.28,3.72,3.64,4.05,4.05,3.9,3.9,NA,NA,184,184,53.3,85.2,66.5,66.5,91.7,91.7,NA,NA,0.0393,0.0393,0.223,0.154,0.116,0.116,0.117,0.117,NA,NA,75.3,75.3,89.9,86.6,88.8,88.8,87.7,87.7,108,113,6,5.08,0.054,1.05,5.08,71.5,5.08,141,2019-03-12 13:10:00,2019-03-15 10:15:00,2,NA,1.3,"Field",NA,NA,NA,NA,FALSE,"Inversion Dispersion small plots","micro met","Cereal","Band spread or trailing hose","None","Cattle",2019-03-12,"","0-20",208,2460,2464,428
